'Gew�sser';'Wasserk�rper';'Messstelle';'Aggregierte Messstellen';'Stromkilometer';'Parameter';'Messwert';'Einheit';'Messwerttyp';'Erfassungsart';'Messwertart';'Messvorgang';'Datum';'Bezugsjahr';'Zeit';'Datum bis';'Zeit bis';'Status';'Analysemethode';'Bemerkung (Datenausgabe)';'zus�tzliche Informationen'
'Elbe';'Elbe (Ost)';'Zollenspieker (Strom-km 598,7)';;598,7;'Chlorophyll-A';;'µg/l';'nicht nachweisbar (Grenzwert unbekannt)';'Wasser - Gesamtprobe';'Einzelprobe';'Intervallmessungen';04.02.1993;;09:20;;;'freigegeben';'-';
'Elbe';'Elbe (Ost)';'Zollenspieker (Strom-km 598,7)';;598,7;'Chlorophyll-A';6,8;'µg/l';'quantitativ nachgewiesen';'Wasser - Gesamtprobe';'Einzelprobe';'Intervallmessungen';01.03.1993;;14:00;;;'freigegeben';'-';
'Elbe';'Elbe (Ost)';'Zollenspieker (Strom-km 598,7)';;598,7;'Chlorophyll-A';6,8;'µg/l';'quantitativ nachgewiesen';'Wasser - Gesamtprobe';'Einzelprobe';'Intervallmessungen';29.03.1993;;16:30;;;'freigegeben';'-';
'Elbe';'Elbe (Ost)';'Zollenspieker (Strom-km 598,7)';;598,7;'Chlorophyll-A';104;'µg/l';'quantitativ nachgewiesen';'Wasser - Gesamtprobe';'Einzelprobe';'Intervallmessungen';26.04.1993;;15:15;;;'freigegeben';'-';
'Elbe';'Elbe (Ost)';'Zollenspieker (Strom-km 598,7)';;598,7;'Chlorophyll-A';35,2;'µg/l';'quantitativ nachgewiesen';'Wasser - Gesamtprobe';'Einzelprobe';'Intervallmessungen';24.05.1993;;14:35;;;'freigegeben';'-';
'Elbe';'Elbe (Ost)';'Zollenspieker (Strom-km 598,7)';;598,7;'Chlorophyll-A';175;'µg/l';'quantitativ nachgewiesen';'Wasser - Gesamtprobe';'Einzelprobe';'Intervallmessungen';23.06.1993;;15:00;;;'freigegeben';'-';
'Elbe';'Elbe (Ost)';'Zollenspieker (Strom-km 598,7)';;598,7;'Chlorophyll-A';184;'µg/l';'quantitativ nachgewiesen';'Wasser - Gesamtprobe';'Einzelprobe';'Intervallmessungen';21.07.1993;;14:05;;;'freigegeben';'-';
'Elbe';'Elbe (Ost)';'Zollenspieker (Strom-km 598,7)';;598,7;'Chlorophyll-A';75,6;'µg/l';'quantitativ nachgewiesen';'Wasser - Gesamtprobe';'Einzelprobe';'Intervallmessungen';18.08.1993;;13:00;;;'freigegeben';'-';
'Elbe';'Elbe (Ost)';'Zollenspieker (Strom-km 598,7)';;598,7;'Chlorophyll-A';135;'µg/l';'quantitativ nachgewiesen';'Wasser - Gesamtprobe';'Einzelprobe';'Intervallmessungen';15.09.1993;;11:50;;;'freigegeben';'-';
'Elbe';'Elbe (Ost)';'Zollenspieker (Strom-km 598,7)';;598,7;'Chlorophyll-A';108;'µg/l';'quantitativ nachgewiesen';'Wasser - Gesamtprobe';'Einzelprobe';'Intervallmessungen';13.10.1993;;09:45;;;'freigegeben';'-';
'Elbe';'Elbe (Ost)';'Zollenspieker (Strom-km 598,7)';;598,7;'Chlorophyll-A';11,9;'µg/l';'quantitativ nachgewiesen';'Wasser - Gesamtprobe';'Einzelprobe';'Intervallmessungen';11.11.1993;;09:20;;;'freigegeben';'-';
'Elbe';'Elbe (Ost)';'Zollenspieker (Strom-km 598,7)';;598,7;'Chlorophyll-A';6,3;'µg/l';'quantitativ nachgewiesen';'Wasser - Gesamtprobe';'Einzelprobe';'Intervallmessungen';06.12.1993;;16:20;;;'freigegeben';'-';
'Elbe';'Elbe (Ost)';'Zollenspieker (Strom-km 598,7)';;598,7;'Chlorophyll-A';8,5;'µg/l';'quantitativ nachgewiesen';'Wasser - Gesamtprobe';'Einzelprobe';'Intervallmessungen';03.01.1994;;15:35;;;'freigegeben';'-';
'Elbe';'Elbe (Ost)';'Zollenspieker (Strom-km 598,7)';;598,7;'Chlorophyll-A';7,4;'µg/l';'quantitativ nachgewiesen';'Wasser - Gesamtprobe';'Einzelprobe';'Intervallmessungen';31.01.1994;;14:30;;;'freigegeben';'-';
'Elbe';'Elbe (Ost)';'Zollenspieker (Strom-km 598,7)';;598,7;'Chlorophyll-A';13;'µg/l';'quantitativ nachgewiesen';'Wasser - Gesamtprobe';'Einzelprobe';'Intervallmessungen';02.03.1994;;15:05;;;'freigegeben';'-';
'Elbe';'Elbe (Ost)';'Zollenspieker (Strom-km 598,7)';;598,7;'Chlorophyll-A';13;'µg/l';'quantitativ nachgewiesen';'Wasser - Gesamtprobe';'Einzelprobe';'Intervallmessungen';15.03.1994;;13:45;;;'freigegeben';'-';
'Elbe';'Elbe (Ost)';'Zollenspieker (Strom-km 598,7)';;598,7;'Chlorophyll-A';30;'µg/l';'quantitativ nachgewiesen';'Wasser - Gesamtprobe';'Einzelprobe';'Intervallmessungen';29.03.1994;;14:20;;;'freigegeben';'-';
'Elbe';'Elbe (Ost)';'Zollenspieker (Strom-km 598,7)';;598,7;'Chlorophyll-A';41;'µg/l';'quantitativ nachgewiesen';'Wasser - Gesamtprobe';'Einzelprobe';'Intervallmessungen';11.04.1994;;13:20;;;'freigegeben';'-';
'Elbe';'Elbe (Ost)';'Zollenspieker (Strom-km 598,7)';;598,7;'Chlorophyll-A';63;'µg/l';'quantitativ nachgewiesen';'Wasser - Gesamtprobe';'Einzelprobe';'Intervallmessungen';27.04.1994;;13:50;;;'freigegeben';'-';
'Elbe';'Elbe (Ost)';'Zollenspieker (Strom-km 598,7)';;598,7;'Chlorophyll-A';103;'µg/l';'quantitativ nachgewiesen';'Wasser - Gesamtprobe';'Einzelprobe';'Intervallmessungen';25.05.1994;;12:45;;;'freigegeben';'-';
'Elbe';'Elbe (Ost)';'Zollenspieker (Strom-km 598,7)';;598,7;'Chlorophyll-A';156;'µg/l';'quantitativ nachgewiesen';'Wasser - Gesamtprobe';'Einzelprobe';'Intervallmessungen';22.06.1994;;11:20;;;'freigegeben';'-';
'Elbe';'Elbe (Ost)';'Zollenspieker (Strom-km 598,7)';;598,7;'Chlorophyll-A';60;'µg/l';'quantitativ nachgewiesen';'Wasser - Gesamtprobe';'Einzelprobe';'Intervallmessungen';20.07.1994;;10:05;;;'freigegeben';'-';
'Elbe';'Elbe (Ost)';'Zollenspieker (Strom-km 598,7)';;598,7;'Chlorophyll-A';24;'µg/l';'quantitativ nachgewiesen';'Wasser - Gesamtprobe';'Einzelprobe';'Intervallmessungen';18.08.1994;;10:12;;;'freigegeben';'-';
'Elbe';'Elbe (Ost)';'Zollenspieker (Strom-km 598,7)';;598,7;'Chlorophyll-A';74;'µg/l';'quantitativ nachgewiesen';'Wasser - Gesamtprobe';'Einzelprobe';'Intervallmessungen';15.09.1994;;08:20;;;'freigegeben';'-';
'Elbe';'Elbe (Ost)';'Zollenspieker (Strom-km 598,7)';;598,7;'Chlorophyll-A';46;'µg/l';'quantitativ nachgewiesen';'Wasser - Gesamtprobe';'Einzelprobe';'Intervallmessungen';10.10.1994;;15:20;;;'freigegeben';'-';
'Elbe';'Elbe (Ost)';'Zollenspieker (Strom-km 598,7)';;598,7;'Chlorophyll-A';43;'µg/l';'quantitativ nachgewiesen';'Wasser - Gesamtprobe';'Einzelprobe';'Intervallmessungen';24.10.1994;;14:20;;;'freigegeben';'-';
'Elbe';'Elbe (Ost)';'Zollenspieker (Strom-km 598,7)';;598,7;'Chlorophyll-A';37;'µg/l';'quantitativ nachgewiesen';'Wasser - Gesamtprobe';'Einzelprobe';'Intervallmessungen';07.11.1994;;14:20;;;'freigegeben';'-';
'Elbe';'Elbe (Ost)';'Zollenspieker (Strom-km 598,7)';;598,7;'Chlorophyll-A';8,5;'µg/l';'quantitativ nachgewiesen';'Wasser - Gesamtprobe';'Einzelprobe';'Intervallmessungen';03.01.1995;;13:05;;;'freigegeben';'-';
'Elbe';'Elbe (Ost)';'Zollenspieker (Strom-km 598,7)';;598,7;'Chlorophyll-A';9,1;'µg/l';'quantitativ nachgewiesen';'Wasser - Gesamtprobe';'Einzelprobe';'Intervallmessungen';31.01.1995;;12:05;;;'freigegeben';'-';
'Elbe';'Elbe (Ost)';'Zollenspieker (Strom-km 598,7)';;598,7;'Chlorophyll-A';10,2;'µg/l';'quantitativ nachgewiesen';'Wasser - Gesamtprobe';'Einzelprobe';'Intervallmessungen';27.02.1995;;10:20;;;'freigegeben';'-';
'Elbe';'Elbe (Ost)';'Zollenspieker (Strom-km 598,7)';;598,7;'Chlorophyll-A';70,0;'µg/l';'quantitativ nachgewiesen';'Wasser - Gesamtprobe';'Einzelprobe';'Intervallmessungen';28.03.1995;;10:55;;;'freigegeben';'-';
'Elbe';'Elbe (Ost)';'Zollenspieker (Strom-km 598,7)';;598,7;'Chlorophyll-A';57,0;'µg/l';'quantitativ nachgewiesen';'Wasser - Gesamtprobe';'Einzelprobe';'Intervallmessungen';26.04.1995;;10:30;;;'freigegeben';'-';
'Elbe';'Elbe (Ost)';'Zollenspieker (Strom-km 598,7)';;598,7;'Chlorophyll-A';61,0;'µg/l';'quantitativ nachgewiesen';'Wasser - Gesamtprobe';'Einzelprobe';'Intervallmessungen';22.05.1995;;18:30;;;'freigegeben';'-';
'Elbe';'Elbe (Ost)';'Zollenspieker (Strom-km 598,7)';;598,7;'Chlorophyll-A';35,0;'µg/l';'quantitativ nachgewiesen';'Wasser - Gesamtprobe';'Einzelprobe';'Intervallmessungen';19.06.1995;;17:20;;;'freigegeben';'-';
'Elbe';'Elbe (Ost)';'Zollenspieker (Strom-km 598,7)';;598,7;'Chlorophyll-A';59,0;'µg/l';'quantitativ nachgewiesen';'Wasser - Gesamtprobe';'Einzelprobe';'Intervallmessungen';17.07.1995;;16:20;;;'freigegeben';'-';
'Elbe';'Elbe (Ost)';'Zollenspieker (Strom-km 598,7)';;598,7;'Chlorophyll-A';77,0;'µg/l';'quantitativ nachgewiesen';'Wasser - Gesamtprobe';'Einzelprobe';'Intervallmessungen';14.08.1995;;15:20;;;'freigegeben';'-';
'Elbe';'Elbe (Ost)';'Zollenspieker (Strom-km 598,7)';;598,7;'Chlorophyll-A';71,0;'µg/l';'quantitativ nachgewiesen';'Wasser - Gesamtprobe';'Einzelprobe';'Intervallmessungen';11.09.1995;;14:00;;;'freigegeben';'-';
'Elbe';'Elbe (Ost)';'Zollenspieker (Strom-km 598,7)';;598,7;'Chlorophyll-A';49,0;'µg/l';'quantitativ nachgewiesen';'Wasser - Gesamtprobe';'Einzelprobe';'Intervallmessungen';09.10.1995;;12:10;;;'freigegeben';'-';
'Elbe';'Elbe (Ost)';'Zollenspieker (Strom-km 598,7)';;598,7;'Chlorophyll-A';19,9;'µg/l';'quantitativ nachgewiesen';'Wasser - Gesamtprobe';'Einzelprobe';'Intervallmessungen';06.11.1995;;10:50;;;'freigegeben';'-';
'Elbe';'Elbe (Ost)';'Zollenspieker (Strom-km 598,7)';;598,7;'Chlorophyll-A';5,4;'µg/l';'quantitativ nachgewiesen';'Wasser - Gesamtprobe';'Einzelprobe';'Intervallmessungen';06.12.1995;;11:20;;;'freigegeben';'-';
'Elbe';'Elbe (Ost)';'Zollenspieker (Strom-km 598,7)';;598,7;'Chlorophyll-A';4,4;'µg/l';'quantitativ nachgewiesen';'Wasser - Gesamtprobe';'Einzelprobe';'Intervallmessungen';03.01.1996;;10:10;;;'freigegeben';'-';
'Elbe';'Elbe (Ost)';'Zollenspieker (Strom-km 598,7)';;598,7;'Chlorophyll-A';7,1;'µg/l';'quantitativ nachgewiesen';'Wasser - Gesamtprobe';'Einzelprobe';'Intervallmessungen';26.02.1996;;16:45;;;'freigegeben';'-';
'Elbe';'Elbe (Ost)';'Zollenspieker (Strom-km 598,7)';;598,7;'Chlorophyll-A';21;'µg/l';'quantitativ nachgewiesen';'Wasser - Gesamtprobe';'Einzelprobe';'Intervallmessungen';26.03.1996;;16:05;;;'freigegeben';'-';
'Elbe';'Elbe (Ost)';'Zollenspieker (Strom-km 598,7)';;598,7;'Chlorophyll-A';50;'µg/l';'quantitativ nachgewiesen';'Wasser - Gesamtprobe';'Einzelprobe';'Intervallmessungen';22.04.1996;;15:30;;;'freigegeben';'-';
'Elbe';'Elbe (Ost)';'Zollenspieker (Strom-km 598,7)';;598,7;'Chlorophyll-A';58;'µg/l';'quantitativ nachgewiesen';'Wasser - Gesamtprobe';'Einzelprobe';'Intervallmessungen';21.05.1996;;15:05;;;'freigegeben';'-';
'Elbe';'Elbe (Ost)';'Zollenspieker (Strom-km 598,7)';;598,7;'Chlorophyll-A';58;'µg/l';'quantitativ nachgewiesen';'Wasser - Gesamtprobe';'Einzelprobe';'Intervallmessungen';17.06.1996;;14:35;;;'freigegeben';'-';
'Elbe';'Elbe (Ost)';'Zollenspieker (Strom-km 598,7)';;598,7;'Chlorophyll-A';110;'µg/l';'quantitativ nachgewiesen';'Wasser - Gesamtprobe';'Einzelprobe';'Intervallmessungen';15.07.1996;;12:40;;;'freigegeben';'-';
'Elbe';'Elbe (Ost)';'Zollenspieker (Strom-km 598,7)';;598,7;'Chlorophyll-A';179;'µg/l';'quantitativ nachgewiesen';'Wasser - Gesamtprobe';'Einzelprobe';'Intervallmessungen';12.08.1996;;11:35;;;'freigegeben';'-';
'Elbe';'Elbe (Ost)';'Zollenspieker (Strom-km 598,7)';;598,7;'Chlorophyll-A';159;'µg/l';'quantitativ nachgewiesen';'Wasser - Gesamtprobe';'Einzelprobe';'Intervallmessungen';09.09.1996;;10:00;;;'freigegeben';'-';
'Elbe';'Elbe (Ost)';'Zollenspieker (Strom-km 598,7)';;598,7;'Chlorophyll-A';60;'µg/l';'quantitativ nachgewiesen';'Wasser - Gesamtprobe';'Einzelprobe';'Intervallmessungen';08.10.1996;;09:15;;;'freigegeben';'-';
'Elbe';'Elbe (Ost)';'Zollenspieker (Strom-km 598,7)';;598,7;'Chlorophyll-A';13;'µg/l';'quantitativ nachgewiesen';'Wasser - Gesamtprobe';'Einzelprobe';'Intervallmessungen';07.11.1996;;08:50;;;'freigegeben';'-';
'Elbe';'Elbe (Ost)';'Zollenspieker (Strom-km 598,7)';;598,7;'Chlorophyll-A';0,3;'µg/l';'quantitativ nachgewiesen';'Wasser - Gesamtprobe';'Einzelprobe';'Intervallmessungen';02.12.1996;;16:05;;;'freigegeben';'-';
'Elbe';'Elbe (Ost)';'Zollenspieker (Strom-km 598,7)';;598,7;'Chlorophyll-A';4,1;'µg/l';'quantitativ nachgewiesen';'Wasser - Gesamtprobe';'Einzelprobe';'Intervallmessungen';08.01.1997;;10:50;;;'freigegeben';'-';
'Elbe';'Elbe (Ost)';'Zollenspieker (Strom-km 598,7)';;598,7;'Chlorophyll-A';3,8;'µg/l';'quantitativ nachgewiesen';'Wasser - Gesamtprobe';'Einzelprobe';'Intervallmessungen';06.02.1997;;10:20;;;'freigegeben';'-';
'Elbe';'Elbe (Ost)';'Zollenspieker (Strom-km 598,7)';;598,7;'Chlorophyll-A';12;'µg/l';'quantitativ nachgewiesen';'Wasser - Gesamtprobe';'Einzelprobe';'Intervallmessungen';06.03.1997;;09:10;;;'freigegeben';'-';
'Elbe';'Elbe (Ost)';'Zollenspieker (Strom-km 598,7)';;598,7;'Chlorophyll-A';46;'µg/l';'quantitativ nachgewiesen';'Wasser - Gesamtprobe';'Einzelprobe';'Intervallmessungen';02.04.1997;;08:00;;;'freigegeben';'-';
'Elbe';'Elbe (Ost)';'Zollenspieker (Strom-km 598,7)';;598,7;'Chlorophyll-A';144;'µg/l';'quantitativ nachgewiesen';'Wasser - Gesamtprobe';'Einzelprobe';'Intervallmessungen';28.04.1997;;15:50;;;'freigegeben';'-';
'Elbe';'Elbe (Ost)';'Zollenspieker (Strom-km 598,7)';;598,7;'Chlorophyll-A';54;'µg/l';'quantitativ nachgewiesen';'Wasser - Gesamtprobe';'Einzelprobe';'Intervallmessungen';26.05.1997;;15:05;;;'freigegeben';'-';
'Elbe';'Elbe (Ost)';'Zollenspieker (Strom-km 598,7)';;598,7;'Chlorophyll-A';131;'µg/l';'quantitativ nachgewiesen';'Wasser - Gesamtprobe';'Einzelprobe';'Intervallmessungen';23.06.1997;;14:05;;;'freigegeben';'-';
'Elbe';'Elbe (Ost)';'Zollenspieker (Strom-km 598,7)';;598,7;'Chlorophyll-A';61;'µg/l';'quantitativ nachgewiesen';'Wasser - Gesamtprobe';'Einzelprobe';'Intervallmessungen';21.07.1997;;13:15;;;'freigegeben';'-';
'Elbe';'Elbe (Ost)';'Zollenspieker (Strom-km 598,7)';;598,7;'Chlorophyll-A';125;'µg/l';'quantitativ nachgewiesen';'Wasser - Gesamtprobe';'Einzelprobe';'Intervallmessungen';18.08.1997;;12:15;;;'freigegeben';'-';
'Elbe';'Elbe (Ost)';'Zollenspieker (Strom-km 598,7)';;598,7;'Chlorophyll-A';212;'µg/l';'quantitativ nachgewiesen';'Wasser - Gesamtprobe';'Einzelprobe';'Intervallmessungen';15.09.1997;;10:50;;;'freigegeben';'-';
'Elbe';'Elbe (Ost)';'Zollenspieker (Strom-km 598,7)';;598,7;'Chlorophyll-A';75;'µg/l';'quantitativ nachgewiesen';'Wasser - Gesamtprobe';'Einzelprobe';'Intervallmessungen';15.10.1997;;11:20;;;'freigegeben';'-';
'Elbe';'Elbe (Ost)';'Zollenspieker (Strom-km 598,7)';;598,7;'Chlorophyll-A';35;'µg/l';'quantitativ nachgewiesen';'Wasser - Gesamtprobe';'Einzelprobe';'Intervallmessungen';13.11.1997;;10:15;;;'freigegeben';'-';
'Elbe';'Elbe (Ost)';'Zollenspieker (Strom-km 598,7)';;598,7;'Chlorophyll-A';8,5;'µg/l';'quantitativ nachgewiesen';'Wasser - Gesamtprobe';'Einzelprobe';'Intervallmessungen';11.12.1997;;09:00;;;'freigegeben';'-';
'Elbe';'Elbe (Ost)';'Zollenspieker (Strom-km 598,7)';;598,7;'Chlorophyll-A';8,9;'µg/l';'quantitativ nachgewiesen';'Wasser - Gesamtprobe';'Einzelprobe';'Intervallmessungen';05.01.1998;;16:15;;;'freigegeben';'-';
'Elbe';'Elbe (Ost)';'Zollenspieker (Strom-km 598,7)';;598,7;'Chlorophyll-A';9,2;'µg/l';'quantitativ nachgewiesen';'Wasser - Gesamtprobe';'Einzelprobe';'Intervallmessungen';02.02.1998;;15:30;;;'freigegeben';'-';
'Elbe';'Elbe (Ost)';'Zollenspieker (Strom-km 598,7)';;598,7;'Chlorophyll-A';48;'µg/l';'quantitativ nachgewiesen';'Wasser - Gesamtprobe';'Einzelprobe';'Intervallmessungen';02.03.1998;;14:15;;;'freigegeben';'-';
'Elbe';'Elbe (Ost)';'Zollenspieker (Strom-km 598,7)';;598,7;'Chlorophyll-A';71;'µg/l';'quantitativ nachgewiesen';'Wasser - Gesamtprobe';'Einzelprobe';'Intervallmessungen';31.03.1998;;15:05;;;'freigegeben';'-';
'Elbe';'Elbe (Ost)';'Zollenspieker (Strom-km 598,7)';;598,7;'Chlorophyll-A';136;'µg/l';'quantitativ nachgewiesen';'Wasser - Gesamtprobe';'Einzelprobe';'Intervallmessungen';27.04.1998;;13:05;;;'freigegeben';'-';
'Elbe';'Elbe (Ost)';'Zollenspieker (Strom-km 598,7)';;598,7;'Chlorophyll-A';47;'µg/l';'quantitativ nachgewiesen';'Wasser - Gesamtprobe';'Einzelprobe';'Intervallmessungen';26.05.1998;;13:10;;;'freigegeben';'-';
'Elbe';'Elbe (Ost)';'Zollenspieker (Strom-km 598,7)';;598,7;'Chlorophyll-A';137;'µg/l';'quantitativ nachgewiesen';'Wasser - Gesamtprobe';'Einzelprobe';'Intervallmessungen';22.06.1998;;10:45;;;'freigegeben';'-';
'Elbe';'Elbe (Ost)';'Zollenspieker (Strom-km 598,7)';;598,7;'Chlorophyll-A';167;'µg/l';'quantitativ nachgewiesen';'Wasser - Gesamtprobe';'Einzelprobe';'Intervallmessungen';17.09.1998;;09:45;;;'freigegeben';'-';
'Elbe';'Elbe (Ost)';'Zollenspieker (Strom-km 598,7)';;598,7;'Chlorophyll-A';26;'µg/l';'quantitativ nachgewiesen';'Wasser - Gesamtprobe';'Einzelprobe';'Intervallmessungen';12.10.1998;;17:05;;;'freigegeben';'-';
'Elbe';'Elbe (Ost)';'Zollenspieker (Strom-km 598,7)';;598,7;'Chlorophyll-A';25;'µg/l';'quantitativ nachgewiesen';'Wasser - Gesamtprobe';'Einzelprobe';'Intervallmessungen';09.11.1998;;15:05;;;'freigegeben';'-';
'Elbe';'Elbe (Ost)';'Zollenspieker (Strom-km 598,7)';;598,7;'Chlorophyll-A';6,8;'µg/l';'quantitativ nachgewiesen';'Wasser - Gesamtprobe';'Einzelprobe';'Intervallmessungen';07.12.1998;;14:05;;;'freigegeben';'-';
'Elbe';'Elbe (Ost)';'Zollenspieker (Strom-km 598,7)';;598,7;'Chlorophyll-A';3,3;'µg/l';'quantitativ nachgewiesen';'Wasser - Gesamtprobe';'Einzelprobe';'Intervallmessungen';04.01.1999;;13:10;;;'freigegeben';'-';
'Elbe';'Elbe (Ost)';'Zollenspieker (Strom-km 598,7)';;598,7;'Chlorophyll-A';5,9;'µg/l';'quantitativ nachgewiesen';'Wasser - Gesamtprobe';'Einzelprobe';'Intervallmessungen';01.02.1999;;12:15;;;'freigegeben';'-';
'Elbe';'Elbe (Ost)';'Zollenspieker (Strom-km 598,7)';;598,7;'Chlorophyll-A';8,8;'µg/l';'quantitativ nachgewiesen';'Wasser - Gesamtprobe';'Einzelprobe';'Intervallmessungen';01.03.1999;;11:10;;;'freigegeben';'-';
'Elbe';'Elbe (Ost)';'Zollenspieker (Strom-km 598,7)';;598,7;'Chlorophyll-A';36,0;'µg/l';'quantitativ nachgewiesen';'Wasser - Gesamtprobe';'Einzelprobe';'Intervallmessungen';29.03.1999;;11:05;;;'freigegeben';'-';
'Elbe';'Elbe (Ost)';'Zollenspieker (Strom-km 598,7)';;598,7;'Chlorophyll-A';126;'µg/l';'quantitativ nachgewiesen';'Wasser - Gesamtprobe';'Einzelprobe';'Intervallmessungen';27.04.1999;;11:05;;;'freigegeben';'-';
'Elbe';'Elbe (Ost)';'Zollenspieker (Strom-km 598,7)';;598,7;'Chlorophyll-A';288;'µg/l';'quantitativ nachgewiesen';'Wasser - Gesamtprobe';'Einzelprobe';'Intervallmessungen';24.06.1999;;08:50;;;'freigegeben';'-';
'Elbe';'Elbe (Ost)';'Zollenspieker (Strom-km 598,7)';;598,7;'Chlorophyll-A';199;'µg/l';'quantitativ nachgewiesen';'Wasser - Gesamtprobe';'Einzelprobe';'Intervallmessungen';19.07.1999;;16:45;;;'freigegeben';'-';
'Elbe';'Elbe (Ost)';'Zollenspieker (Strom-km 598,7)';;598,7;'Chlorophyll-A';204;'µg/l';'quantitativ nachgewiesen';'Wasser - Gesamtprobe';'Einzelprobe';'Intervallmessungen';16.08.1999;;15:35;;;'freigegeben';'-';
'Elbe';'Elbe (Ost)';'Zollenspieker (Strom-km 598,7)';;598,7;'Chlorophyll-A';170;'µg/l';'quantitativ nachgewiesen';'Wasser - Gesamtprobe';'Einzelprobe';'Intervallmessungen';13.09.1999;;14:40;;;'freigegeben';'-';
'Elbe';'Elbe (Ost)';'Zollenspieker (Strom-km 598,7)';;598,7;'Chlorophyll-A';95,0;'µg/l';'quantitativ nachgewiesen';'Wasser - Gesamtprobe';'Einzelprobe';'Intervallmessungen';11.10.1999;;13:35;;;'freigegeben';'-';
'Elbe';'Elbe (Ost)';'Zollenspieker (Strom-km 598,7)';;598,7;'Chlorophyll-A';72,0;'µg/l';'quantitativ nachgewiesen';'Wasser - Gesamtprobe';'Einzelprobe';'Intervallmessungen';08.11.1999;;11:40;;;'freigegeben';'-';
'Elbe';'Elbe (Ost)';'Zollenspieker (Strom-km 598,7)';;598,7;'Chlorophyll-A';17,6;'µg/l';'quantitativ nachgewiesen';'Wasser - Gesamtprobe';'Einzelprobe';'Intervallmessungen';06.12.1999;;10:35;;;'freigegeben';'-';
'Elbe';'Elbe (Ost)';'Zollenspieker (Strom-km 598,7)';;598,7;'Chlorophyll-A';21;'µg/l';'quantitativ nachgewiesen';'Wasser - Gesamtprobe';'Einzelprobe';'Intervallmessungen';05.01.2000;;11:00;;;'freigegeben';'-';
'Elbe';'Elbe (Ost)';'Zollenspieker (Strom-km 598,7)';;598,7;'Chlorophyll-A';< 10;'µg/l';'unter Bestimmungsgrenze';'Wasser - Gesamtprobe';'Einzelprobe';'Intervallmessungen';02.02.2000;;09:40;;;'freigegeben';'-';
'Elbe';'Elbe (Ost)';'Zollenspieker (Strom-km 598,7)';;598,7;'Chlorophyll-A';< 10;'µg/l';'unter Bestimmungsgrenze';'Wasser - Gesamtprobe';'Einzelprobe';'Intervallmessungen';28.02.2000;;17:05;;;'freigegeben';'-';
'Elbe';'Elbe (Ost)';'Zollenspieker (Strom-km 598,7)';;598,7;'Chlorophyll-A';16;'µg/l';'quantitativ nachgewiesen';'Wasser - Gesamtprobe';'Einzelprobe';'Intervallmessungen';27.03.2000;;16:35;;;'freigegeben';'-';
'Elbe';'Elbe (Ost)';'Zollenspieker (Strom-km 598,7)';;598,7;'Chlorophyll-A';76;'µg/l';'quantitativ nachgewiesen';'Wasser - Gesamtprobe';'Einzelprobe';'Intervallmessungen';25.04.2000;;16:09;;;'freigegeben';'-';
'Elbe';'Elbe (Ost)';'Zollenspieker (Strom-km 598,7)';;598,7;'Chlorophyll-A';167;'µg/l';'quantitativ nachgewiesen';'Wasser - Gesamtprobe';'Einzelprobe';'Intervallmessungen';19.06.2000;;13:45;;;'freigegeben';'-';
'Elbe';'Elbe (Ost)';'Zollenspieker (Strom-km 598,7)';;598,7;'Chlorophyll-A';159;'µg/l';'quantitativ nachgewiesen';'Wasser - Gesamtprobe';'Einzelprobe';'Intervallmessungen';17.07.2000;;13:05;;;'freigegeben';'-';
'Elbe';'Elbe (Ost)';'Zollenspieker (Strom-km 598,7)';;598,7;'Chlorophyll-A';128;'µg/l';'quantitativ nachgewiesen';'Wasser - Gesamtprobe';'Einzelprobe';'Intervallmessungen';15.08.2000;;13:00;;;'freigegeben';'-';
'Elbe';'Elbe (Ost)';'Zollenspieker (Strom-km 598,7)';;598,7;'Chlorophyll-A';134;'µg/l';'quantitativ nachgewiesen';'Wasser - Gesamtprobe';'Einzelprobe';'Intervallmessungen';11.09.2000;;10:50;;;'freigegeben';'-';
'Elbe';'Elbe (Ost)';'Zollenspieker (Strom-km 598,7)';;598,7;'Chlorophyll-A';79;'µg/l';'quantitativ nachgewiesen';'Wasser - Gesamtprobe';'Einzelprobe';'Intervallmessungen';09.10.2000;;09:05;;;'freigegeben';'-';
'Elbe';'Elbe (Ost)';'Zollenspieker (Strom-km 598,7)';;598,7;'Chlorophyll-A';17;'µg/l';'quantitativ nachgewiesen';'Wasser - Gesamtprobe';'Einzelprobe';'Intervallmessungen';08.11.2000;;08:50;;;'freigegeben';'-';
'Elbe';'Elbe (Ost)';'Zollenspieker (Strom-km 598,7)';;598,7;'Chlorophyll-A';< 10;'µg/l';'unter Bestimmungsgrenze';'Wasser - Gesamtprobe';'Einzelprobe';'Intervallmessungen';04.12.2000;;16:35;;;'freigegeben';'-';
'Elbe';'Elbe (Ost)';'Zollenspieker (Strom-km 598,7)';;598,7;'Chlorophyll-A';50;'µg/l';'quantitativ nachgewiesen';'Wasser - Gesamtprobe';'Einzelprobe';'Intervallmessungen';16.08.2001;;09:05;;;'freigegeben';'-';
'Elbe';'Elbe (Ost)';'Zollenspieker (Strom-km 598,7)';;598,7;'Chlorophyll-A';72;'µg/l';'quantitativ nachgewiesen';'Wasser - Gesamtprobe';'Einzelprobe';'Intervallmessungen';10.09.2001;;16:30;;;'freigegeben';'-';
'Elbe';'Elbe (Ost)';'Zollenspieker (Strom-km 598,7)';;598,7;'Chlorophyll-A';< 10;'µg/l';'unter Bestimmungsgrenze';'Wasser - Gesamtprobe';'Einzelprobe';'Intervallmessungen';08.10.2001;;16:35;;;'freigegeben';'-';
'Elbe';'Elbe (Ost)';'Zollenspieker (Strom-km 598,7)';;598,7;'Chlorophyll-A';16;'µg/l';'quantitativ nachgewiesen';'Wasser - Gesamtprobe';'Einzelprobe';'Intervallmessungen';06.11.2001;;14:20;;;'freigegeben';'-';
'Elbe';'Elbe (Ost)';'Zollenspieker (Strom-km 598,7)';;598,7;'Chlorophyll-A';7;'µg/l';'quantitativ nachgewiesen';'Wasser - Gesamtprobe';'Einzelprobe';'Intervallmessungen';06.12.2001;;15:05;;;'freigegeben';'-';
'Elbe';'Elbe (Ost)';'Zollenspieker (Strom-km 598,7)';;598,7;'Chlorophyll-A';3,0;'µg/l';'quantitativ nachgewiesen';'Wasser - Gesamtprobe';'Einzelprobe';'Intervallmessungen';10.01.2002;;08:40;;;'freigegeben';'-';
'Elbe';'Elbe (Ost)';'Zollenspieker (Strom-km 598,7)';;598,7;'Chlorophyll-A';7,4;'µg/l';'quantitativ nachgewiesen';'Wasser - Gesamtprobe';'Einzelprobe';'Intervallmessungen';04.02.2002;;15:20;;;'freigegeben';'-';
'Elbe';'Elbe (Ost)';'Zollenspieker (Strom-km 598,7)';;598,7;'Chlorophyll-A';9,0;'µg/l';'quantitativ nachgewiesen';'Wasser - Gesamtprobe';'Einzelprobe';'Intervallmessungen';04.03.2002;;15:20;;;'freigegeben';'-';
'Elbe';'Elbe (Ost)';'Zollenspieker (Strom-km 598,7)';;598,7;'Chlorophyll-A';37,0;'µg/l';'quantitativ nachgewiesen';'Wasser - Gesamtprobe';'Einzelprobe';'Intervallmessungen';02.04.2002;;15:50;;;'freigegeben';'-';
'Elbe';'Elbe (Ost)';'Zollenspieker (Strom-km 598,7)';;598,7;'Chlorophyll-A';74,9;'µg/l';'quantitativ nachgewiesen';'Wasser - Gesamtprobe';'Einzelprobe';'Intervallmessungen';15.04.2002;;14:20;;;'freigegeben';'-';
'Elbe';'Elbe (Ost)';'Zollenspieker (Strom-km 598,7)';;598,7;'Chlorophyll-A';95,1;'µg/l';'quantitativ nachgewiesen';'Wasser - Gesamtprobe';'Einzelprobe';'Intervallmessungen';30.04.2002;;14:50;;;'freigegeben';'-';
'Elbe';'Elbe (Ost)';'Zollenspieker (Strom-km 598,7)';;598,7;'Chlorophyll-A';146;'µg/l';'quantitativ nachgewiesen';'Wasser - Gesamtprobe';'Einzelprobe';'Intervallmessungen';14.05.2002;;13:50;;;'freigegeben';'-';
'Elbe';'Elbe (Ost)';'Zollenspieker (Strom-km 598,7)';;598,7;'Chlorophyll-A';109;'µg/l';'quantitativ nachgewiesen';'Wasser - Gesamtprobe';'Einzelprobe';'Intervallmessungen';27.05.2002;;13:05;;;'freigegeben';'-';
'Elbe';'Elbe (Ost)';'Zollenspieker (Strom-km 598,7)';;598,7;'Chlorophyll-A';237;'µg/l';'quantitativ nachgewiesen';'Wasser - Gesamtprobe';'Einzelprobe';'Intervallmessungen';11.06.2002;;12:40;;;'freigegeben';'-';
'Elbe';'Elbe (Ost)';'Zollenspieker (Strom-km 598,7)';;598,7;'Chlorophyll-A';178;'µg/l';'quantitativ nachgewiesen';'Wasser - Gesamtprobe';'Einzelprobe';'Intervallmessungen';24.06.2002;;12:15;;;'freigegeben';'-';
'Elbe';'Elbe (Ost)';'Zollenspieker (Strom-km 598,7)';;598,7;'Chlorophyll-A';185;'µg/l';'quantitativ nachgewiesen';'Wasser - Gesamtprobe';'Einzelprobe';'Intervallmessungen';08.07.2002;;09:20;;;'freigegeben';'-';
'Elbe';'Elbe (Ost)';'Zollenspieker (Strom-km 598,7)';;598,7;'Chlorophyll-A';145;'µg/l';'quantitativ nachgewiesen';'Wasser - Gesamtprobe';'Einzelprobe';'Intervallmessungen';22.07.2002;;10:40;;;'freigegeben';'-';
'Elbe';'Elbe (Ost)';'Zollenspieker (Strom-km 598,7)';;598,7;'Chlorophyll-A';88,8;'µg/l';'quantitativ nachgewiesen';'Wasser - Gesamtprobe';'Einzelprobe';'Intervallmessungen';06.08.2002;;09:55;;;'freigegeben';'-';
'Elbe';'Elbe (Ost)';'Zollenspieker (Strom-km 598,7)';;598,7;'Chlorophyll-A';40,0;'µg/l';'quantitativ nachgewiesen';'Wasser - Gesamtprobe';'Einzelprobe';'Intervallmessungen';20.08.2002;;10:20;;;'freigegeben';'-';
'Elbe';'Elbe (Ost)';'Zollenspieker (Strom-km 598,7)';;598,7;'Chlorophyll-A';28,1;'µg/l';'quantitativ nachgewiesen';'Wasser - Gesamtprobe';'Einzelprobe';'Intervallmessungen';05.09.2002;;10:40;;;'freigegeben';'-';
'Elbe';'Elbe (Ost)';'Zollenspieker (Strom-km 598,7)';;598,7;'Chlorophyll-A';42,2;'µg/l';'quantitativ nachgewiesen';'Wasser - Gesamtprobe';'Einzelprobe';'Intervallmessungen';18.09.2002;;10:05;;;'freigegeben';'-';
'Elbe';'Elbe (Ost)';'Zollenspieker (Strom-km 598,7)';;598,7;'Chlorophyll-A';99,2;'µg/l';'quantitativ nachgewiesen';'Wasser - Gesamtprobe';'Einzelprobe';'Intervallmessungen';30.09.2002;;17:05;;;'freigegeben';'-';
'Elbe';'Elbe (Ost)';'Zollenspieker (Strom-km 598,7)';;598,7;'Chlorophyll-A';27,0;'µg/l';'quantitativ nachgewiesen';'Wasser - Gesamtprobe';'Einzelprobe';'Intervallmessungen';17.10.2002;;09:20;;;'freigegeben';'-';
'Elbe';'Elbe (Ost)';'Zollenspieker (Strom-km 598,7)';;598,7;'Chlorophyll-A';< 10,0;'µg/l';'unter Bestimmungsgrenze';'Wasser - Gesamtprobe';'Einzelprobe';'Intervallmessungen';12.11.2002;;15:15;;;'freigegeben';'-';
'Elbe';'Elbe (Ost)';'Zollenspieker (Strom-km 598,7)';;598,7;'Chlorophyll-A';< 10,0;'µg/l';'unter Bestimmungsgrenze';'Wasser - Gesamtprobe';'Einzelprobe';'Intervallmessungen';09.12.2002;;14:35;;;'freigegeben';'-';
'Elbe';'Elbe (Ost)';'Zollenspieker (Strom-km 598,7)';;598,7;'Chlorophyll-A';17;'µg/l';'quantitativ nachgewiesen';'Wasser - Gesamtprobe';'Einzelprobe';'Intervallmessungen';03.03.2003;;12:10;;;'freigegeben';'-';
'Elbe';'Elbe (Ost)';'Zollenspieker (Strom-km 598,7)';;598,7;'Chlorophyll-A';50;'µg/l';'quantitativ nachgewiesen';'Wasser - Gesamtprobe';'Einzelprobe';'Intervallmessungen';01.04.2003;;12:20;;;'freigegeben';'-';
'Elbe';'Elbe (Ost)';'Zollenspieker (Strom-km 598,7)';;598,7;'Chlorophyll-A';99;'µg/l';'quantitativ nachgewiesen';'Wasser - Gesamtprobe';'Einzelprobe';'Intervallmessungen';28.04.2003;;11:15;;;'freigegeben';'-';
'Elbe';'Elbe (Ost)';'Zollenspieker (Strom-km 598,7)';;598,7;'Chlorophyll-A';194;'µg/l';'quantitativ nachgewiesen';'Wasser - Gesamtprobe';'Einzelprobe';'Intervallmessungen';28.05.2003;;10:45;;;'freigegeben';'-';
'Elbe';'Elbe (Ost)';'Zollenspieker (Strom-km 598,7)';;598,7;'Chlorophyll-A';256;'µg/l';'quantitativ nachgewiesen';'Wasser - Gesamtprobe';'Einzelprobe';'Intervallmessungen';26.06.2003;;10:10;;;'freigegeben';'-';
'Elbe';'Elbe (Ost)';'Zollenspieker (Strom-km 598,7)';;598,7;'Chlorophyll-A';81;'µg/l';'quantitativ nachgewiesen';'Wasser - Gesamtprobe';'Einzelprobe';'Intervallmessungen';21.07.2003;;17:15;;;'freigegeben';'-';
'Elbe';'Elbe (Ost)';'Zollenspieker (Strom-km 598,7)';;598,7;'Chlorophyll-A';227;'µg/l';'quantitativ nachgewiesen';'Wasser - Gesamtprobe';'Einzelprobe';'Intervallmessungen';18.08.2003;;16:00;;;'freigegeben';'-';
'Elbe';'Elbe (Ost)';'Zollenspieker (Strom-km 598,7)';;598,7;'Chlorophyll-A';59;'µg/l';'quantitativ nachgewiesen';'Wasser - Gesamtprobe';'Einzelprobe';'Intervallmessungen';15.09.2003;;15:05;;;'freigegeben';'-';
'Elbe';'Elbe (Ost)';'Zollenspieker (Strom-km 598,7)';;598,7;'Chlorophyll-A';95;'µg/l';'quantitativ nachgewiesen';'Wasser - Gesamtprobe';'Einzelprobe';'Intervallmessungen';13.10.2003;;14:05;;;'freigegeben';'-';
'Elbe';'Elbe (Ost)';'Zollenspieker (Strom-km 598,7)';;598,7;'Chlorophyll-A';59;'µg/l';'quantitativ nachgewiesen';'Wasser - Gesamtprobe';'Einzelprobe';'Intervallmessungen';10.11.2003;;12:15;;;'freigegeben';'-';
'Elbe';'Elbe (Ost)';'Zollenspieker (Strom-km 598,7)';;598,7;'Chlorophyll-A';30;'µg/l';'quantitativ nachgewiesen';'Wasser - Gesamtprobe';'Einzelprobe';'Intervallmessungen';08.12.2003;;11:05;;;'freigegeben';'-';
'Elbe';'Elbe (Ost)';'Zollenspieker (Strom-km 598,7)';;598,7;'Chlorophyll-A';21;'µg/l';'quantitativ nachgewiesen';'Wasser - Gesamtprobe';'Einzelprobe';'Intervallmessungen';06.01.2004;;11:00;;;'freigegeben';'-';
'Elbe';'Elbe (Ost)';'Zollenspieker (Strom-km 598,7)';;598,7;'Chlorophyll-A';19;'µg/l';'quantitativ nachgewiesen';'Wasser - Gesamtprobe';'Einzelprobe';'Intervallmessungen';04.02.2004;;11:20;;;'freigegeben';'-';
'Elbe';'Elbe (Ost)';'Zollenspieker (Strom-km 598,7)';;598,7;'Chlorophyll-A';1;'µg/l';'quantitativ nachgewiesen';'Wasser - Gesamtprobe';'Einzelprobe';'Intervallmessungen';03.03.2004;;08:55;;;'freigegeben';'-';
'Elbe';'Elbe (Ost)';'Zollenspieker (Strom-km 598,7)';;598,7;'Chlorophyll-A';74;'µg/l';'quantitativ nachgewiesen';'Wasser - Gesamtprobe';'Einzelprobe';'Intervallmessungen';31.03.2004;;07:20;;;'freigegeben';'-';
'Elbe';'Elbe (Ost)';'Zollenspieker (Strom-km 598,7)';;598,7;'Chlorophyll-A';66;'µg/l';'quantitativ nachgewiesen';'Wasser - Gesamtprobe';'Einzelprobe';'Intervallmessungen';26.04.2004;;16:05;;;'freigegeben';'-';
'Elbe';'Elbe (Ost)';'Zollenspieker (Strom-km 598,7)';;598,7;'Chlorophyll-A';183;'µg/l';'quantitativ nachgewiesen';'Wasser - Gesamtprobe';'Einzelprobe';'Intervallmessungen';25.05.2004;;15:50;;;'freigegeben';'-';
'Elbe';'Elbe (Ost)';'Zollenspieker (Strom-km 598,7)';;598,7;'Chlorophyll-A';170;'µg/l';'quantitativ nachgewiesen';'Wasser - Gesamtprobe';'Einzelprobe';'Intervallmessungen';21.06.2004;;14:35;;;'freigegeben';'-';
'Elbe';'Elbe (Ost)';'Zollenspieker (Strom-km 598,7)';;598,7;'Chlorophyll-A';229;'µg/l';'quantitativ nachgewiesen';'Wasser - Gesamtprobe';'Einzelprobe';'Intervallmessungen';19.07.2004;;13:50;;;'freigegeben';'-';
'Elbe';'Elbe (Ost)';'Zollenspieker (Strom-km 598,7)';;598,7;'Chlorophyll-A';308;'µg/l';'quantitativ nachgewiesen';'Wasser - Gesamtprobe';'Einzelprobe';'Intervallmessungen';16.08.2004;;12:50;;;'freigegeben';'-';
'Elbe';'Elbe (Ost)';'Zollenspieker (Strom-km 598,7)';;598,7;'Chlorophyll-A';239;'µg/l';'quantitativ nachgewiesen';'Wasser - Gesamtprobe';'Einzelprobe';'Intervallmessungen';13.09.2004;;11:50;;;'freigegeben';'-';
'Elbe';'Elbe (Ost)';'Zollenspieker (Strom-km 598,7)';;598,7;'Chlorophyll-A';97;'µg/l';'quantitativ nachgewiesen';'Wasser - Gesamtprobe';'Einzelprobe';'Intervallmessungen';11.10.2004;;10:35;;;'freigegeben';'-';
'Elbe';'Elbe (Ost)';'Zollenspieker (Strom-km 598,7)';;598,7;'Chlorophyll-A';44;'µg/l';'quantitativ nachgewiesen';'Wasser - Gesamtprobe';'Einzelprobe';'Intervallmessungen';10.11.2004;;09:35;;;'freigegeben';'-';
'Elbe';'Elbe (Ost)';'Zollenspieker (Strom-km 598,7)';;598,7;'Chlorophyll-A';13;'µg/l';'quantitativ nachgewiesen';'Wasser - Gesamtprobe';'Einzelprobe';'Intervallmessungen';08.12.2004;;07:45;;;'freigegeben';'-';
'Elbe';'Elbe (Ost)';'Zollenspieker (Strom-km 598,7)';;598,7;'Chlorophyll-A';15;'µg/l';'quantitativ nachgewiesen';'Wasser - Gesamtprobe';'Einzelprobe';'Intervallmessungen';03.01.2005;;16:05;;;'freigegeben';'-';
'Elbe';'Elbe (Ost)';'Zollenspieker (Strom-km 598,7)';;598,7;'Chlorophyll-A';10;'µg/l';'quantitativ nachgewiesen';'Wasser - Gesamtprobe';'Einzelprobe';'Intervallmessungen';31.01.2005;;15:00;;;'freigegeben';'-';
'Elbe';'Elbe (Ost)';'Zollenspieker (Strom-km 598,7)';;598,7;'Chlorophyll-A';18;'µg/l';'quantitativ nachgewiesen';'Wasser - Gesamtprobe';'Einzelprobe';'Intervallmessungen';14.02.2005;;15:30;;;'freigegeben';'-';
'Elbe';'Elbe (Ost)';'Zollenspieker (Strom-km 598,7)';;598,7;'Chlorophyll-A';23;'µg/l';'quantitativ nachgewiesen';'Wasser - Gesamtprobe';'Einzelprobe';'Intervallmessungen';01.03.2005;;14:45;;;'freigegeben';'-';
'Elbe';'Elbe (Ost)';'Zollenspieker (Strom-km 598,7)';;598,7;'Chlorophyll-A';51;'µg/l';'quantitativ nachgewiesen';'Wasser - Gesamtprobe';'Einzelprobe';'Intervallmessungen';15.03.2005;;14:50;;;'freigegeben';'-';
'Elbe';'Elbe (Ost)';'Zollenspieker (Strom-km 598,7)';;598,7;'Chlorophyll-A';28;'µg/l';'quantitativ nachgewiesen';'Wasser - Gesamtprobe';'Einzelprobe';'Intervallmessungen';29.03.2005;;14:50;;;'freigegeben';'-';
'Elbe';'Elbe (Ost)';'Zollenspieker (Strom-km 598,7)';;598,7;'Chlorophyll-A';25;'µg/l';'quantitativ nachgewiesen';'Wasser - Gesamtprobe';'Einzelprobe';'Intervallmessungen';11.04.2005;;14:20;;;'freigegeben';'-';
'Elbe';'Elbe (Ost)';'Zollenspieker (Strom-km 598,7)';;598,7;'Chlorophyll-A';330;'µg/l';'quantitativ nachgewiesen';'Wasser - Gesamtprobe';'Einzelprobe';'Intervallmessungen';26.04.2005;;13:45;;;'freigegeben';'-';
'Elbe';'Elbe (Ost)';'Zollenspieker (Strom-km 598,7)';;598,7;'Chlorophyll-A';120;'µg/l';'quantitativ nachgewiesen';'Wasser - Gesamtprobe';'Einzelprobe';'Intervallmessungen';10.05.2005;;13:55;;;'freigegeben';'-';
'Elbe';'Elbe (Ost)';'Zollenspieker (Strom-km 598,7)';;598,7;'Chlorophyll-A';140;'µg/l';'quantitativ nachgewiesen';'Wasser - Gesamtprobe';'Einzelprobe';'Intervallmessungen';24.05.2005;;12:35;;;'freigegeben';'-';
'Elbe';'Elbe (Ost)';'Zollenspieker (Strom-km 598,7)';;598,7;'Chlorophyll-A';160;'µg/l';'quantitativ nachgewiesen';'Wasser - Gesamtprobe';'Einzelprobe';'Intervallmessungen';06.06.2005;;12:15;;;'freigegeben';'-';
'Elbe';'Elbe (Ost)';'Zollenspieker (Strom-km 598,7)';;598,7;'Chlorophyll-A';230;'µg/l';'quantitativ nachgewiesen';'Wasser - Gesamtprobe';'Einzelprobe';'Intervallmessungen';21.06.2005;;11:30;;;'freigegeben';'-';
'Elbe';'Elbe (Ost)';'Zollenspieker (Strom-km 598,7)';;598,7;'Chlorophyll-A';63;'µg/l';'quantitativ nachgewiesen';'Wasser - Gesamtprobe';'Einzelprobe';'Intervallmessungen';21.07.2005;;12:00;;;'freigegeben';'-';
'Elbe';'Elbe (Ost)';'Zollenspieker (Strom-km 598,7)';;598,7;'Chlorophyll-A';180;'µg/l';'quantitativ nachgewiesen';'Wasser - Gesamtprobe';'Einzelprobe';'Intervallmessungen';03.08.2005;;11:30;;;'freigegeben';'-';
'Elbe';'Elbe (Ost)';'Zollenspieker (Strom-km 598,7)';;598,7;'Chlorophyll-A';170;'µg/l';'quantitativ nachgewiesen';'Wasser - Gesamtprobe';'Einzelprobe';'Intervallmessungen';18.08.2005;;10:20;;;'freigegeben';'-';
'Elbe';'Elbe (Ost)';'Zollenspieker (Strom-km 598,7)';;598,7;'Chlorophyll-A';99;'µg/l';'quantitativ nachgewiesen';'Wasser - Gesamtprobe';'Einzelprobe';'Intervallmessungen';01.09.2005;;10:50;;;'freigegeben';'-';
'Elbe';'Elbe (Ost)';'Zollenspieker (Strom-km 598,7)';;598,7;'Chlorophyll-A';190;'µg/l';'quantitativ nachgewiesen';'Wasser - Gesamtprobe';'Einzelprobe';'Intervallmessungen';14.09.2005;;07:30;;;'freigegeben';'-';
'Elbe';'Elbe (Ost)';'Zollenspieker (Strom-km 598,7)';;598,7;'Chlorophyll-A';75;'µg/l';'quantitativ nachgewiesen';'Wasser - Gesamtprobe';'Einzelprobe';'Intervallmessungen';28.09.2005;;07:50;;;'freigegeben';'-';
'Elbe';'Elbe (Ost)';'Zollenspieker (Strom-km 598,7)';;598,7;'Chlorophyll-A';47;'µg/l';'quantitativ nachgewiesen';'Wasser - Gesamtprobe';'Einzelprobe';'Intervallmessungen';10.10.2005;;16:15;;;'freigegeben';'-';
'Elbe';'Elbe (Ost)';'Zollenspieker (Strom-km 598,7)';;598,7;'Chlorophyll-A';33;'µg/l';'quantitativ nachgewiesen';'Wasser - Gesamtprobe';'Einzelprobe';'Intervallmessungen';24.10.2005;;16:20;;;'freigegeben';'-';
'Elbe';'Elbe (Ost)';'Zollenspieker (Strom-km 598,7)';;598,7;'Chlorophyll-A';33;'µg/l';'quantitativ nachgewiesen';'Wasser - Gesamtprobe';'Einzelprobe';'Intervallmessungen';08.11.2005;;15:15;;;'freigegeben';'-';
'Elbe';'Elbe (Ost)';'Zollenspieker (Strom-km 598,7)';;598,7;'Chlorophyll-A';10;'µg/l';'quantitativ nachgewiesen';'Wasser - Gesamtprobe';'Einzelprobe';'Intervallmessungen';22.11.2005;;15:05;;;'freigegeben';'-';
'Elbe';'Elbe (Ost)';'Zollenspieker (Strom-km 598,7)';;598,7;'Chlorophyll-A';5,0;'µg/l';'quantitativ nachgewiesen';'Wasser - Gesamtprobe';'Einzelprobe';'Intervallmessungen';06.12.2005;;14:35;;;'freigegeben';'-';
'Elbe';'Elbe (Ost)';'Zollenspieker (Strom-km 598,7)';;598,7;'Chlorophyll-A';8,0;'µg/l';'quantitativ nachgewiesen';'Wasser - Gesamtprobe';'Einzelprobe';'Intervallmessungen';20.12.2005;;14:15;;;'freigegeben';'-';
'Elbe';'Elbe (Ost)';'Zollenspieker (Strom-km 598,7)';;598,7;'Chlorophyll-A';4,9;'µg/l';'quantitativ nachgewiesen';'Wasser - Gesamtprobe';'Einzelprobe';'Intervallmessungen';02.01.2006;;13:05;;;'freigegeben';'-';
'Elbe';'Elbe (Ost)';'Zollenspieker (Strom-km 598,7)';;598,7;'Chlorophyll-A';35;'µg/l';'quantitativ nachgewiesen';'Wasser - Gesamtprobe';'Einzelprobe';'Intervallmessungen';30.01.2006;;12:20;;;'freigegeben';'-';
'Elbe';'Elbe (Ost)';'Zollenspieker (Strom-km 598,7)';;598,7;'Chlorophyll-A';7,0;'µg/l';'quantitativ nachgewiesen';'Wasser - Gesamtprobe';'Einzelprobe';'Intervallmessungen';01.03.2006;;12:50;;;'freigegeben';'-';
'Elbe';'Elbe (Ost)';'Zollenspieker (Strom-km 598,7)';;598,7;'Chlorophyll-A';24;'µg/l';'quantitativ nachgewiesen';'Wasser - Gesamtprobe';'Einzelprobe';'Intervallmessungen';15.03.2006;;12:20;;;'freigegeben';'-';
'Elbe';'Elbe (Ost)';'Zollenspieker (Strom-km 598,7)';;598,7;'Chlorophyll-A';10;'µg/l';'quantitativ nachgewiesen';'Wasser - Gesamtprobe';'Einzelprobe';'Intervallmessungen';29.03.2006;;12:50;;;'freigegeben';'-';
'Elbe';'Elbe (Ost)';'Zollenspieker (Strom-km 598,7)';;598,7;'Chlorophyll-A';4,0;'µg/l';'quantitativ nachgewiesen';'Wasser - Gesamtprobe';'Einzelprobe';'Intervallmessungen';12.04.2006;;12:35;;;'freigegeben';'-';
'Elbe';'Elbe (Ost)';'Zollenspieker (Strom-km 598,7)';;598,7;'Chlorophyll-A';32;'µg/l';'quantitativ nachgewiesen';'Wasser - Gesamtprobe';'Einzelprobe';'Intervallmessungen';27.04.2006;;12:15;;;'freigegeben';'-';
'Elbe';'Elbe (Ost)';'Zollenspieker (Strom-km 598,7)';;598,7;'Chlorophyll-A';86;'µg/l';'quantitativ nachgewiesen';'Wasser - Gesamtprobe';'Einzelprobe';'Intervallmessungen';11.05.2006;;11:30;;;'freigegeben';'-';
'Elbe';'Elbe (Ost)';'Zollenspieker (Strom-km 598,7)';;598,7;'Chlorophyll-A';120;'µg/l';'quantitativ nachgewiesen';'Wasser - Gesamtprobe';'Einzelprobe';'Intervallmessungen';24.05.2006;;10:20;;;'freigegeben';'-';
'Elbe';'Elbe (Ost)';'Zollenspieker (Strom-km 598,7)';;598,7;'Chlorophyll-A';59;'µg/l';'quantitativ nachgewiesen';'Wasser - Gesamtprobe';'Einzelprobe';'Intervallmessungen';07.06.2006;;08:40;;;'freigegeben';'-';
'Elbe';'Elbe (Ost)';'Zollenspieker (Strom-km 598,7)';;598,7;'Chlorophyll-A';150;'µg/l';'quantitativ nachgewiesen';'Wasser - Gesamtprobe';'Einzelprobe';'Intervallmessungen';22.06.2006;;09:20;;;'freigegeben';'-';
'Elbe';'Elbe (Ost)';'Zollenspieker (Strom-km 598,7)';;598,7;'Chlorophyll-A';98;'µg/l';'quantitativ nachgewiesen';'Wasser - Gesamtprobe';'Einzelprobe';'Intervallmessungen';03.07.2006;;17:05;;;'freigegeben';'-';
'Elbe';'Elbe (Ost)';'Zollenspieker (Strom-km 598,7)';;598,7;'Chlorophyll-A';150;'µg/l';'quantitativ nachgewiesen';'Wasser - Gesamtprobe';'Einzelprobe';'Intervallmessungen';17.07.2006;;17:00;;;'freigegeben';'-';
'Elbe';'Elbe (Ost)';'Zollenspieker (Strom-km 598,7)';;598,7;'Chlorophyll-A';190;'µg/l';'quantitativ nachgewiesen';'Wasser - Gesamtprobe';'Einzelprobe';'Intervallmessungen';31.07.2006;;16:05;;;'freigegeben';'-';
'Elbe';'Elbe (Ost)';'Zollenspieker (Strom-km 598,7)';;598,7;'Chlorophyll-A';140;'µg/l';'quantitativ nachgewiesen';'Wasser - Gesamtprobe';'Einzelprobe';'Intervallmessungen';15.08.2006;;16:35;;;'freigegeben';'-';
'Elbe';'Elbe (Ost)';'Zollenspieker (Strom-km 598,7)';;598,7;'Chlorophyll-A';150;'µg/l';'quantitativ nachgewiesen';'Wasser - Gesamtprobe';'Einzelprobe';'Intervallmessungen';28.08.2006;;15:05;;;'freigegeben';'-';
'Elbe';'Elbe (Ost)';'Zollenspieker (Strom-km 598,7)';;598,7;'Chlorophyll-A';140;'µg/l';'quantitativ nachgewiesen';'Wasser - Gesamtprobe';'Einzelprobe';'Intervallmessungen';11.09.2006;;14:45;;;'freigegeben';'-';
'Elbe';'Elbe (Ost)';'Zollenspieker (Strom-km 598,7)';;598,7;'Chlorophyll-A';450;'µg/l';'quantitativ nachgewiesen';'Wasser - Gesamtprobe';'Einzelprobe';'Intervallmessungen';25.09.2006;;14:05;;;'freigegeben';'-';
'Elbe';'Elbe (Ost)';'Zollenspieker (Strom-km 598,7)';;598,7;'Chlorophyll-A';340;'µg/l';'quantitativ nachgewiesen';'Wasser - Gesamtprobe';'Einzelprobe';'Intervallmessungen';09.10.2006;;13:50;;;'freigegeben';'-';
'Elbe';'Elbe (Ost)';'Zollenspieker (Strom-km 598,7)';;598,7;'Chlorophyll-A';100;'µg/l';'quantitativ nachgewiesen';'Wasser - Gesamtprobe';'Einzelprobe';'Intervallmessungen';23.10.2006;;13:05;;;'freigegeben';'-';
'Elbe';'Elbe (Ost)';'Zollenspieker (Strom-km 598,7)';;598,7;'Chlorophyll-A';170;'µg/l';'quantitativ nachgewiesen';'Wasser - Gesamtprobe';'Einzelprobe';'Intervallmessungen';06.11.2006;;11:45;;;'freigegeben';'-';
'Elbe';'Elbe (Ost)';'Zollenspieker (Strom-km 598,7)';;598,7;'Chlorophyll-A';14;'µg/l';'quantitativ nachgewiesen';'Wasser - Gesamtprobe';'Einzelprobe';'Intervallmessungen';08.01.2007;;14:45;;;'freigegeben';'-';
'Elbe';'Elbe (Ost)';'Zollenspieker (Strom-km 598,7)';;598,7;'Chlorophyll-A';6;'µg/l';'quantitativ nachgewiesen';'Wasser - Gesamtprobe';'Einzelprobe';'Intervallmessungen';06.02.2007;;14:15;;;'freigegeben';'-';
'Elbe';'Elbe (Ost)';'Zollenspieker (Strom-km 598,7)';;598,7;'Chlorophyll-A';20;'µg/l';'quantitativ nachgewiesen';'Wasser - Gesamtprobe';'Einzelprobe';'Intervallmessungen';05.03.2007;;12:45;;;'freigegeben';'-';
'Elbe';'Elbe (Ost)';'Zollenspieker (Strom-km 598,7)';;598,7;'Chlorophyll-A';46;'µg/l';'quantitativ nachgewiesen';'Wasser - Gesamtprobe';'Einzelprobe';'Intervallmessungen';21.03.2007;;13:30;;;'freigegeben';'-';
'Elbe';'Elbe (Ost)';'Zollenspieker (Strom-km 598,7)';;598,7;'Chlorophyll-A';43;'µg/l';'quantitativ nachgewiesen';'Wasser - Gesamtprobe';'Einzelprobe';'Intervallmessungen';10.04.2007;;15:55;;;'freigegeben';'-';
'Elbe';'Elbe (Ost)';'Zollenspieker (Strom-km 598,7)';;598,7;'Chlorophyll-A';160;'µg/l';'quantitativ nachgewiesen';'Wasser - Gesamtprobe';'Einzelprobe';'Intervallmessungen';23.04.2007;;16:35;;;'freigegeben';'-';
'Elbe';'Elbe (Ost)';'Zollenspieker (Strom-km 598,7)';;598,7;'Chlorophyll-A';100;'µg/l';'quantitativ nachgewiesen';'Wasser - Gesamtprobe';'Einzelprobe';'Intervallmessungen';07.05.2007;;16:10;;;'freigegeben';'-';
'Elbe';'Elbe (Ost)';'Zollenspieker (Strom-km 598,7)';;598,7;'Chlorophyll-A';150;'µg/l';'quantitativ nachgewiesen';'Wasser - Gesamtprobe';'Einzelprobe';'Intervallmessungen';21.05.2007;;15:40;;;'freigegeben';'-';
'Elbe';'Elbe (Ost)';'Zollenspieker (Strom-km 598,7)';;598,7;'Chlorophyll-A';160;'µg/l';'quantitativ nachgewiesen';'Wasser - Gesamtprobe';'Einzelprobe';'Intervallmessungen';04.06.2007;;14:30;;;'freigegeben';'-';
'Elbe';'Elbe (Ost)';'Zollenspieker (Strom-km 598,7)';;598,7;'Chlorophyll-A';24;'µg/l';'quantitativ nachgewiesen';'Wasser - Gesamtprobe';'Einzelprobe';'Intervallmessungen';19.06.2007;;15:20;;;'freigegeben';'-';
'Elbe';'Elbe (Ost)';'Zollenspieker (Strom-km 598,7)';;598,7;'Chlorophyll-A';190;'µg/l';'quantitativ nachgewiesen';'Wasser - Gesamtprobe';'Einzelprobe';'Intervallmessungen';11.07.2007;;09:40;;;'freigegeben';'-';
'Elbe';'Elbe (Ost)';'Zollenspieker (Strom-km 598,7)';;598,7;'Chlorophyll-A';45;'µg/l';'quantitativ nachgewiesen';'Wasser - Gesamtprobe';'Einzelprobe';'Intervallmessungen';26.07.2007;;08:45;;;'freigegeben';'-';
'Elbe';'Elbe (Ost)';'Zollenspieker (Strom-km 598,7)';;598,7;'Chlorophyll-A';160;'µg/l';'quantitativ nachgewiesen';'Wasser - Gesamtprobe';'Einzelprobe';'Intervallmessungen';06.08.2007;;;;;'freigegeben';'-';
'Elbe';'Elbe (Ost)';'Zollenspieker (Strom-km 598,7)';;598,7;'Chlorophyll-A';110;'µg/l';'quantitativ nachgewiesen';'Wasser - Gesamtprobe';'Einzelprobe';'Intervallmessungen';20.08.2007;;;;;'freigegeben';'-';
'Elbe';'Elbe (Ost)';'Zollenspieker (Strom-km 598,7)';;598,7;'Chlorophyll-A';44;'µg/l';'quantitativ nachgewiesen';'Wasser - Gesamtprobe';'Einzelprobe';'Intervallmessungen';03.09.2007;;16:45;;;'freigegeben';'-';
'Elbe';'Elbe (Ost)';'Zollenspieker (Strom-km 598,7)';;598,7;'Chlorophyll-A';57;'µg/l';'quantitativ nachgewiesen';'Wasser - Gesamtprobe';'Einzelprobe';'Intervallmessungen';17.09.2007;;15:25;;;'freigegeben';'-';
'Elbe';'Elbe (Ost)';'Zollenspieker (Strom-km 598,7)';;598,7;'Chlorophyll-A';7;'µg/l';'quantitativ nachgewiesen';'Wasser - Gesamtprobe';'Einzelprobe';'Intervallmessungen';08.10.2007;;11:00;;;'freigegeben';'-';
'Elbe';'Elbe (Ost)';'Zollenspieker (Strom-km 598,7)';;598,7;'Chlorophyll-A';9;'µg/l';'quantitativ nachgewiesen';'Wasser - Gesamtprobe';'Einzelprobe';'Intervallmessungen';23.10.2007;;09:20;;;'freigegeben';'-';
'Elbe';'Elbe (Ost)';'Zollenspieker (Strom-km 598,7)';;598,7;'Chlorophyll-A';6;'µg/l';'quantitativ nachgewiesen';'Wasser - Gesamtprobe';'Einzelprobe';'Intervallmessungen';07.11.2007;;10:20;;;'freigegeben';'-';
'Elbe';'Elbe (Ost)';'Zollenspieker (Strom-km 598,7)';;598,7;'Chlorophyll-A';7;'µg/l';'quantitativ nachgewiesen';'Wasser - Gesamtprobe';'Einzelprobe';'Intervallmessungen';05.12.2007;;08:10;;;'freigegeben';'-';
'Elbe';'Elbe (Ost)';'Zollenspieker (Strom-km 598,7)';;598,7;'Chlorophyll-A';1,7;'µg/l';'quantitativ nachgewiesen';'Wasser - Gesamtprobe';'Einzelprobe';'Intervallmessungen';06.02.2008;;11:45;;;'freigegeben';'-';
'Elbe';'Elbe (Ost)';'Zollenspieker (Strom-km 598,7)';;598,7;'Chlorophyll-A';30,1;'µg/l';'quantitativ nachgewiesen';'Wasser - Gesamtprobe';'Einzelprobe';'Intervallmessungen';05.03.2008;;09:50;;;'freigegeben';'-';
'Elbe';'Elbe (Ost)';'Zollenspieker (Strom-km 598,7)';;598,7;'Chlorophyll-A';21,6;'µg/l';'quantitativ nachgewiesen';'Wasser - Gesamtprobe';'Einzelprobe';'Intervallmessungen';19.03.2008;;10:00;;;'freigegeben';'-';
'Elbe';'Elbe (Ost)';'Zollenspieker (Strom-km 598,7)';;598,7;'Chlorophyll-A';60,3;'µg/l';'quantitativ nachgewiesen';'Wasser - Gesamtprobe';'Einzelprobe';'Intervallmessungen';07.04.2008;;13:40;;;'freigegeben';'-';
'Elbe';'Elbe (Ost)';'Zollenspieker (Strom-km 598,7)';;598,7;'Chlorophyll-A';32,9;'µg/l';'quantitativ nachgewiesen';'Wasser - Gesamtprobe';'Einzelprobe';'Intervallmessungen';21.04.2008;;13:15;;;'freigegeben';'-';
'Elbe';'Elbe (Ost)';'Zollenspieker (Strom-km 598,7)';;598,7;'Chlorophyll-A';122;'µg/l';'quantitativ nachgewiesen';'Wasser - Gesamtprobe';'Einzelprobe';'Intervallmessungen';14.05.2008;;07:55;;;'freigegeben';'-';
'Elbe';'Elbe (Ost)';'Zollenspieker (Strom-km 598,7)';;598,7;'Chlorophyll-A';140;'µg/l';'quantitativ nachgewiesen';'Wasser - Gesamtprobe';'Einzelprobe';'Intervallmessungen';26.05.2008;;16:15;;;'freigegeben';'-';
'Elbe';'Elbe (Ost)';'Zollenspieker (Strom-km 598,7)';;598,7;'Chlorophyll-A';134;'µg/l';'quantitativ nachgewiesen';'Wasser - Gesamtprobe';'Einzelprobe';'Intervallmessungen';09.06.2008;;17:30;;;'freigegeben';'-';
'Elbe';'Elbe (Ost)';'Zollenspieker (Strom-km 598,7)';;598,7;'Chlorophyll-A';247;'µg/l';'quantitativ nachgewiesen';'Wasser - Gesamtprobe';'Einzelprobe';'Intervallmessungen';23.06.2008;;15:13;;;'freigegeben';'-';
'Elbe';'Elbe (Ost)';'Zollenspieker (Strom-km 598,7)';;598,7;'Chlorophyll-A';85,6;'µg/l';'quantitativ nachgewiesen';'Wasser - Gesamtprobe';'Einzelprobe';'Intervallmessungen';07.07.2008;;15:30;;;'freigegeben';'-';
'Elbe';'Elbe (Ost)';'Zollenspieker (Strom-km 598,7)';;598,7;'Chlorophyll-A';159;'µg/l';'quantitativ nachgewiesen';'Wasser - Gesamtprobe';'Einzelprobe';'Intervallmessungen';22.07.2008;;15:00;;;'freigegeben';'-';
'Elbe';'Elbe (Ost)';'Zollenspieker (Strom-km 598,7)';;598,7;'Chlorophyll-A';61,8;'µg/l';'quantitativ nachgewiesen';'Wasser - Gesamtprobe';'Einzelprobe';'Intervallmessungen';04.08.2008;;14:35;;;'freigegeben';'-';
'Elbe';'Elbe (Ost)';'Zollenspieker (Strom-km 598,7)';;598,7;'Chlorophyll-A';148;'µg/l';'quantitativ nachgewiesen';'Wasser - Gesamtprobe';'Einzelprobe';'Intervallmessungen';18.08.2008;;13:30;;;'freigegeben';'-';
'Elbe';'Elbe (Ost)';'Zollenspieker (Strom-km 598,7)';;598,7;'Chlorophyll-A';127;'µg/l';'quantitativ nachgewiesen';'Wasser - Gesamtprobe';'Einzelprobe';'Intervallmessungen';01.09.2008;;13:40;;;'freigegeben';'-';
'Elbe';'Elbe (Ost)';'Zollenspieker (Strom-km 598,7)';;598,7;'Chlorophyll-A';78,6;'µg/l';'quantitativ nachgewiesen';'Wasser - Gesamtprobe';'Einzelprobe';'Intervallmessungen';15.09.2008;;12:14;;;'freigegeben';'-';
'Elbe';'Elbe (Ost)';'Zollenspieker (Strom-km 598,7)';;598,7;'Chlorophyll-A';37,0;'µg/l';'quantitativ nachgewiesen';'Wasser - Gesamtprobe';'Einzelprobe';'Intervallmessungen';01.10.2008;;13:55;;;'freigegeben';'-';
'Elbe';'Elbe (Ost)';'Zollenspieker (Strom-km 598,7)';;598,7;'Chlorophyll-A';66,7;'µg/l';'quantitativ nachgewiesen';'Wasser - Gesamtprobe';'Einzelprobe';'Intervallmessungen';15.10.2008;;12:45;;;'freigegeben';'-';
'Elbe';'Elbe (Ost)';'Zollenspieker (Strom-km 598,7)';;598,7;'Chlorophyll-A';11,7;'µg/l';'quantitativ nachgewiesen';'Wasser - Gesamtprobe';'Einzelprobe';'Intervallmessungen';04.11.2008;;14:40;;;'freigegeben';'-';
'Elbe';'Elbe (Ost)';'Zollenspieker (Strom-km 598,7)';;598,7;'Chlorophyll-A';8,3;'µg/l';'quantitativ nachgewiesen';'Wasser - Gesamtprobe';'Einzelprobe';'Intervallmessungen';01.12.2008;;13:27;;;'freigegeben';'-';
'Elbe';'Elbe (Ost)';'Zollenspieker (Strom-km 598,7)';;598,7;'Chlorophyll-A';< 1,0;'µg/l';'unter Bestimmungsgrenze';'Wasser - Gesamtprobe';'Einzelprobe';'Intervallmessungen';05.01.2009;;16:55;;;'freigegeben';'-';
'Elbe';'Elbe (Ost)';'Zollenspieker (Strom-km 598,7)';;598,7;'Chlorophyll-A';14,3;'µg/l';'quantitativ nachgewiesen';'Wasser - Gesamtprobe';'Einzelprobe';'Intervallmessungen';02.02.2009;;15:18;;;'freigegeben';'-';
'Elbe';'Elbe (Ost)';'Zollenspieker (Strom-km 598,7)';;598,7;'Chlorophyll-A';21,8;'µg/l';'quantitativ nachgewiesen';'Wasser - Gesamtprobe';'Einzelprobe';'Intervallmessungen';02.03.2009;;14:35;;;'freigegeben';'-';
'Elbe';'Elbe (Ost)';'Zollenspieker (Strom-km 598,7)';;598,7;'Chlorophyll-A';< 1,0;'µg/l';'unter Bestimmungsgrenze';'Wasser - Gesamtprobe';'Einzelprobe';'Intervallmessungen';16.03.2009;;14:43;;;'freigegeben';'-';
'Elbe';'Elbe (Ost)';'Zollenspieker (Strom-km 598,7)';;598,7;'Chlorophyll-A';52,9;'µg/l';'quantitativ nachgewiesen';'Wasser - Gesamtprobe';'Einzelprobe';'Intervallmessungen';07.04.2009;;11:00;;;'freigegeben';'-';
'Elbe';'Elbe (Ost)';'Zollenspieker (Strom-km 598,7)';;598,7;'Chlorophyll-A';94,1;'µg/l';'quantitativ nachgewiesen';'Wasser - Gesamtprobe';'Einzelprobe';'Intervallmessungen';21.04.2009;;09:45;;;'freigegeben';'-';
'Elbe';'Elbe (Ost)';'Zollenspieker (Strom-km 598,7)';;598,7;'Chlorophyll-A';147;'µg/l';'quantitativ nachgewiesen';'Wasser - Gesamtprobe';'Einzelprobe';'Intervallmessungen';13.05.2009;;14:35;;;'freigegeben';'-';
'Elbe';'Elbe (Ost)';'Zollenspieker (Strom-km 598,7)';;598,7;'Chlorophyll-A';159;'µg/l';'quantitativ nachgewiesen';'Wasser - Gesamtprobe';'Einzelprobe';'Intervallmessungen';26.05.2009;;13:15;;;'freigegeben';'-';
'Elbe';'Elbe (Ost)';'Zollenspieker (Strom-km 598,7)';;598,7;'Chlorophyll-A';160;'µg/l';'quantitativ nachgewiesen';'Wasser - Gesamtprobe';'Einzelprobe';'Intervallmessungen';08.06.2009;;13:00;;;'freigegeben';'-';
'Elbe';'Elbe (Ost)';'Zollenspieker (Strom-km 598,7)';;598,7;'Chlorophyll-A';220;'µg/l';'quantitativ nachgewiesen';'Wasser - Gesamtprobe';'Einzelprobe';'Intervallmessungen';22.06.2009;;10:05;;;'freigegeben';'-';
'Elbe';'Elbe (Ost)';'Zollenspieker (Strom-km 598,7)';;598,7;'Chlorophyll-A';83,9;'µg/l';'quantitativ nachgewiesen';'Wasser - Gesamtprobe';'Einzelprobe';'Intervallmessungen';07.07.2009;;12:45;;;'freigegeben';'-';
'Elbe';'Elbe (Ost)';'Zollenspieker (Strom-km 598,7)';;598,7;'Chlorophyll-A';74,9;'µg/l';'quantitativ nachgewiesen';'Wasser - Gesamtprobe';'Einzelprobe';'Intervallmessungen';20.07.2009;;09:45;;;'freigegeben';'-';
'Elbe';'Elbe (Ost)';'Zollenspieker (Strom-km 598,7)';;598,7;'Chlorophyll-A';207;'µg/l';'quantitativ nachgewiesen';'Wasser - Gesamtprobe';'Einzelprobe';'Intervallmessungen';03.08.2009;;10:36;;;'freigegeben';'-';
'Elbe';'Elbe (Ost)';'Zollenspieker (Strom-km 598,7)';;598,7;'Chlorophyll-A';188;'µg/l';'quantitativ nachgewiesen';'Wasser - Gesamtprobe';'Einzelprobe';'Intervallmessungen';18.08.2009;;09:45;;;'freigegeben';'-';
'Elbe';'Elbe (Ost)';'Zollenspieker (Strom-km 598,7)';;598,7;'Chlorophyll-A';147;'µg/l';'quantitativ nachgewiesen';'Wasser - Gesamtprobe';'Einzelprobe';'Intervallmessungen';07.09.2009;;14:00;;;'freigegeben';'-';
'Elbe';'Elbe (Ost)';'Zollenspieker (Strom-km 598,7)';;598,7;'Chlorophyll-A';167;'µg/l';'quantitativ nachgewiesen';'Wasser - Gesamtprobe';'Einzelprobe';'Intervallmessungen';21.09.2009;;13:55;;;'freigegeben';'-';
'Elbe';'Elbe (Ost)';'Zollenspieker (Strom-km 598,7)';;598,7;'Chlorophyll-A';115;'µg/l';'quantitativ nachgewiesen';'Wasser - Gesamtprobe';'Einzelprobe';'Intervallmessungen';05.10.2009;;13:15;;;'freigegeben';'-';
'Elbe';'Elbe (Ost)';'Zollenspieker (Strom-km 598,7)';;598,7;'Chlorophyll-A';14,6;'µg/l';'quantitativ nachgewiesen';'Wasser - Gesamtprobe';'Einzelprobe';'Intervallmessungen';19.10.2009;;13:10;;;'freigegeben';'-';
'Elbe';'Elbe (Ost)';'Zollenspieker (Strom-km 598,7)';;598,7;'Chlorophyll-A';15,7;'µg/l';'quantitativ nachgewiesen';'Wasser - Gesamtprobe';'Einzelprobe';'Intervallmessungen';02.11.2009;;11:05;;;'freigegeben';'-';
'Elbe';'Elbe (Ost)';'Zollenspieker (Strom-km 598,7)';;598,7;'Chlorophyll-A';9,5;'µg/l';'quantitativ nachgewiesen';'Wasser - Gesamtprobe';'Einzelprobe';'Intervallmessungen';02.12.2009;;11:10;;;'freigegeben';'-';
'Elbe';'Elbe (Ost)';'Zollenspieker (Strom-km 598,7)';;598,7;'Chlorophyll-A';6,2;'µg/l';'quantitativ nachgewiesen';'Wasser - Gesamtprobe';'Einzelprobe';'Intervallmessungen';13.01.2010;;10:50;;;'freigegeben';'keine Angabe';
'Elbe';'Elbe (Ost)';'Zollenspieker (Strom-km 598,7)';;598,7;'Chlorophyll-A';3,2;'µg/l';'quantitativ nachgewiesen';'Wasser - Gesamtprobe';'Einzelprobe';'Intervallmessungen';10.02.2010;;09:10;;;'freigegeben';'keine Angabe';
'Elbe';'Elbe (Ost)';'Zollenspieker (Strom-km 598,7)';;598,7;'Chlorophyll-A';0,7;'µg/l';'quantitativ nachgewiesen';'Wasser - Gesamtprobe';'Einzelprobe';'Intervallmessungen';08.03.2010;;16:30;;;'freigegeben';'keine Angabe';
'Elbe';'Elbe (Ost)';'Zollenspieker (Strom-km 598,7)';;598,7;'Chlorophyll-A';34,7;'µg/l';'quantitativ nachgewiesen';'Wasser - Gesamtprobe';'Einzelprobe';'Intervallmessungen';23.03.2010;;15:26;;;'freigegeben';'keine Angabe';
'Elbe';'Elbe (Ost)';'Zollenspieker (Strom-km 598,7)';;598,7;'Chlorophyll-A';29,7;'µg/l';'quantitativ nachgewiesen';'Wasser - Gesamtprobe';'Einzelprobe';'Intervallmessungen';06.04.2010;;17:20;;;'freigegeben';'keine Angabe';
'Elbe';'Elbe (Ost)';'Zollenspieker (Strom-km 598,7)';;598,7;'Chlorophyll-A';77,1;'µg/l';'quantitativ nachgewiesen';'Wasser - Gesamtprobe';'Einzelprobe';'Intervallmessungen';19.04.2010;;15:10;;;'freigegeben';'keine Angabe';
'Elbe';'Elbe (Ost)';'Zollenspieker (Strom-km 598,7)';;598,7;'Chlorophyll-A';151;'µg/l';'quantitativ nachgewiesen';'Wasser - Gesamtprobe';'Einzelprobe';'Intervallmessungen';05.05.2010;;16:45;;;'freigegeben';'keine Angabe';
'Elbe';'Elbe (Ost)';'Zollenspieker (Strom-km 598,7)';;598,7;'Chlorophyll-A';166;'µg/l';'quantitativ nachgewiesen';'Wasser - Gesamtprobe';'Einzelprobe';'Intervallmessungen';18.05.2010;;15:10;;;'freigegeben';'keine Angabe';
'Elbe';'Elbe (Ost)';'Zollenspieker (Strom-km 598,7)';;598,7;'Chlorophyll-A';86,0;'µg/l';'quantitativ nachgewiesen';'Wasser - Gesamtprobe';'Einzelprobe';'Intervallmessungen';08.06.2010;;08:57;;;'freigegeben';'keine Angabe';
'Elbe';'Elbe (Ost)';'Zollenspieker (Strom-km 598,7)';;598,7;'Chlorophyll-A';137;'µg/l';'quantitativ nachgewiesen';'Wasser - Gesamtprobe';'Einzelprobe';'Intervallmessungen';22.06.2010;;08:14;;;'freigegeben';'keine Angabe';
'Elbe';'Elbe (Ost)';'Zollenspieker (Strom-km 598,7)';;598,7;'Chlorophyll-A';180;'µg/l';'quantitativ nachgewiesen';'Wasser - Gesamtprobe';'Einzelprobe';'Intervallmessungen';05.07.2010;;18:00;;;'freigegeben';'keine Angabe';
'Elbe';'Elbe (Ost)';'Zollenspieker (Strom-km 598,7)';;598,7;'Chlorophyll-A';121;'µg/l';'quantitativ nachgewiesen';'Wasser - Gesamtprobe';'Einzelprobe';'Intervallmessungen';21.07.2010;;07:35;;;'freigegeben';'keine Angabe';
'Elbe';'Elbe (Ost)';'Zollenspieker (Strom-km 598,7)';;598,7;'Chlorophyll-A';158;'µg/l';'quantitativ nachgewiesen';'Wasser - Gesamtprobe';'Einzelprobe';'Intervallmessungen';02.08.2010;;16:30;;;'freigegeben';'keine Angabe';
'Elbe';'Elbe (Ost)';'Zollenspieker (Strom-km 598,7)';;598,7;'Chlorophyll-A';35,2;'µg/l';'quantitativ nachgewiesen';'Wasser - Gesamtprobe';'Einzelprobe';'Intervallmessungen';16.08.2010;;16:48;;;'freigegeben';'keine Angabe';
'Elbe';'Elbe (Ost)';'Zollenspieker (Strom-km 598,7)';;598,7;'Chlorophyll-A';32;'µg/l';'quantitativ nachgewiesen';'Wasser - Gesamtprobe';'Einzelprobe';'Intervallmessungen';06.09.2010;;09:58;;;'freigegeben';'keine Angabe';
'Elbe';'Elbe (Ost)';'Zollenspieker (Strom-km 598,7)';;598,7;'Chlorophyll-A';30,3;'µg/l';'quantitativ nachgewiesen';'Wasser - Gesamtprobe';'Einzelprobe';'Intervallmessungen';20.09.2010;;10:30;;;'freigegeben';'keine Angabe';
'Elbe';'Elbe (Ost)';'Zollenspieker (Strom-km 598,7)';;598,7;'Chlorophyll-A';10,3;'µg/l';'quantitativ nachgewiesen';'Wasser - Gesamtprobe';'Einzelprobe';'Intervallmessungen';05.10.2010;;09:45;;;'freigegeben';'keine Angabe';
'Elbe';'Elbe (Ost)';'Zollenspieker (Strom-km 598,7)';;598,7;'Chlorophyll-A';10,2;'µg/l';'quantitativ nachgewiesen';'Wasser - Gesamtprobe';'Einzelprobe';'Intervallmessungen';19.10.2010;;09:30;;;'freigegeben';'keine Angabe';
'Elbe';'Elbe (Ost)';'Zollenspieker (Strom-km 598,7)';;598,7;'Chlorophyll-A';12,2;'µg/l';'quantitativ nachgewiesen';'Wasser - Gesamtprobe';'Einzelprobe';'Intervallmessungen';03.11.2010;;08:40;;;'freigegeben';'keine Angabe';
'Elbe';'Elbe (Ost)';'Zollenspieker (Strom-km 598,7)';;598,7;'Chlorophyll-A';0,9;'µg/l';'quantitativ nachgewiesen';'Wasser - Gesamtprobe';'Einzelprobe';'Intervallmessungen';29.11.2010;;16:45;;;'freigegeben';'keine Angabe';
'Elbe';'Elbe (Ost)';'Zollenspieker (Strom-km 598,7)';;598,7;'Chlorophyll-A';1,8;'µg/l';'quantitativ nachgewiesen';'Wasser - Gesamtprobe';'Einzelprobe';'Intervallmessungen';10.01.2011;;15:00;;;'freigegeben';'keine Angabe';
'Elbe';'Elbe (Ost)';'Zollenspieker (Strom-km 598,7)';;598,7;'Chlorophyll-A';3,7;'µg/l';'quantitativ nachgewiesen';'Wasser - Gesamtprobe';'Einzelprobe';'Intervallmessungen';09.02.2011;;15:00;;;'freigegeben';'keine Angabe';
'Elbe';'Elbe (Ost)';'Zollenspieker (Strom-km 598,7)';;598,7;'Chlorophyll-A';29,4;'µg/l';'quantitativ nachgewiesen';'Wasser - Gesamtprobe';'Einzelprobe';'Intervallmessungen';07.03.2011;;13:56;;;'freigegeben';'keine Angabe';
'Elbe';'Elbe (Ost)';'Zollenspieker (Strom-km 598,7)';;598,7;'Chlorophyll-A';58,0;'µg/l';'quantitativ nachgewiesen';'Wasser - Gesamtprobe';'Einzelprobe';'Intervallmessungen';21.03.2011;;12:40;;;'freigegeben';'keine Angabe';
'Elbe';'Elbe (Ost)';'Zollenspieker (Strom-km 598,7)';;598,7;'Chlorophyll-A';87,1;'µg/l';'quantitativ nachgewiesen';'Wasser - Gesamtprobe';'Einzelprobe';'Intervallmessungen';06.04.2011;;14:10;;;'freigegeben';'keine Angabe';
'Elbe';'Elbe (Ost)';'Zollenspieker (Strom-km 598,7)';;598,7;'Chlorophyll-A';119;'µg/l';'quantitativ nachgewiesen';'Wasser - Gesamtprobe';'Einzelprobe';'Intervallmessungen';19.04.2011;;13:15;;;'freigegeben';'keine Angabe';
'Elbe';'Elbe (Ost)';'Zollenspieker (Strom-km 598,7)';;598,7;'Chlorophyll-A';142;'µg/l';'quantitativ nachgewiesen';'Wasser - Gesamtprobe';'Einzelprobe';'Intervallmessungen';16.05.2011;;11:20;;;'freigegeben';'keine Angabe';
'Elbe';'Elbe (Ost)';'Zollenspieker (Strom-km 598,7)';;598,7;'Chlorophyll-A';189;'µg/l';'quantitativ nachgewiesen';'Wasser - Gesamtprobe';'Einzelprobe';'Intervallmessungen';06.06.2011;;16:00;;;'freigegeben';'keine Angabe';
'Elbe';'Elbe (Ost)';'Zollenspieker (Strom-km 598,7)';;598,7;'Chlorophyll-A';211;'µg/l';'quantitativ nachgewiesen';'Wasser - Gesamtprobe';'Einzelprobe';'Intervallmessungen';20.06.2011;;15:15;;;'freigegeben';'keine Angabe';
'Elbe';'Elbe (Ost)';'Zollenspieker (Strom-km 598,7)';;598,7;'Chlorophyll-A';214;'µg/l';'quantitativ nachgewiesen';'Wasser - Gesamtprobe';'Einzelprobe';'Intervallmessungen';13.07.2011;;;;;'freigegeben';'keine Angabe';
'Elbe';'Elbe (Ost)';'Zollenspieker (Strom-km 598,7)';;598,7;'Chlorophyll-A';218;'µg/l';'quantitativ nachgewiesen';'Wasser - Gesamtprobe';'Einzelprobe';'Intervallmessungen';28.07.2011;;10:00;;;'freigegeben';'keine Angabe';
'Elbe';'Elbe (Ost)';'Zollenspieker (Strom-km 598,7)';;598,7;'Chlorophyll-A';61,9;'µg/l';'quantitativ nachgewiesen';'Wasser - Gesamtprobe';'Einzelprobe';'Intervallmessungen';01.08.2011;;13:30;;;'freigegeben';'keine Angabe';
'Elbe';'Elbe (Ost)';'Zollenspieker (Strom-km 598,7)';;598,7;'Chlorophyll-A';97,1;'µg/l';'quantitativ nachgewiesen';'Wasser - Gesamtprobe';'Einzelprobe';'Intervallmessungen';15.08.2011;;13:30;;;'freigegeben';'keine Angabe';
'Elbe';'Elbe (Ost)';'Zollenspieker (Strom-km 598,7)';;598,7;'Chlorophyll-A';113;'µg/l';'quantitativ nachgewiesen';'Wasser - Gesamtprobe';'Einzelprobe';'Intervallmessungen';05.09.2011;;17:30;;;'freigegeben';'keine Angabe';
'Elbe';'Elbe (Ost)';'Zollenspieker (Strom-km 598,7)';;598,7;'Chlorophyll-A';82,1;'µg/l';'quantitativ nachgewiesen';'Wasser - Gesamtprobe';'Einzelprobe';'Intervallmessungen';20.09.2011;;16:40;;;'freigegeben';'keine Angabe';
'Elbe';'Elbe (Ost)';'Zollenspieker (Strom-km 598,7)';;598,7;'Chlorophyll-A';97,7;'µg/l';'quantitativ nachgewiesen';'Wasser - Gesamtprobe';'Einzelprobe';'Intervallmessungen';04.10.2011;;17:00;;;'freigegeben';'keine Angabe';
'Elbe';'Elbe (Ost)';'Zollenspieker (Strom-km 598,7)';;598,7;'Chlorophyll-A';3,7;'µg/l';'quantitativ nachgewiesen';'Wasser - Gesamtprobe';'Einzelprobe';'Intervallmessungen';07.03.2012;;11:10;;;'freigegeben';'DIN 38412-16 (L16)';
'Elbe';'Elbe (Ost)';'Zollenspieker (Strom-km 598,7)';;598,7;'Chlorophyll-A';140;'µg/l';'quantitativ nachgewiesen';'Wasser - Gesamtprobe';'Einzelprobe';'Intervallmessungen';23.04.2012;;13:47;;;'freigegeben';'DIN 38412-16 (L16)';
'Elbe';'Elbe (Ost)';'Zollenspieker (Strom-km 598,7)';;598,7;'Chlorophyll-A';120;'µg/l';'quantitativ nachgewiesen';'Wasser - Gesamtprobe';'Einzelprobe';'Intervallmessungen';09.05.2012;;14:43;;;'freigegeben';'DIN 38412-16 (L16)';
'Elbe';'Elbe (Ost)';'Zollenspieker (Strom-km 598,7)';;598,7;'Chlorophyll-A';150;'µg/l';'quantitativ nachgewiesen';'Wasser - Gesamtprobe';'Einzelprobe';'Intervallmessungen';23.05.2012;;13:45;;;'freigegeben';'DIN 38412-16 (L16)';
'Elbe';'Elbe (Ost)';'Zollenspieker (Strom-km 598,7)';;598,7;'Chlorophyll-A';230;'µg/l';'quantitativ nachgewiesen';'Wasser - Gesamtprobe';'Einzelprobe';'Intervallmessungen';06.06.2012;;13:30;;;'freigegeben';'DIN 38412-16 (L16)';
'Elbe';'Elbe (Ost)';'Zollenspieker (Strom-km 598,7)';;598,7;'Chlorophyll-A';240;'µg/l';'quantitativ nachgewiesen';'Wasser - Gesamtprobe';'Einzelprobe';'Intervallmessungen';20.06.2012;;13:05;;;'freigegeben';'DIN 38412-16 (L16)';
'Elbe';'Elbe (Ost)';'Zollenspieker (Strom-km 598,7)';;598,7;'Chlorophyll-A';180;'µg/l';'quantitativ nachgewiesen';'Wasser - Gesamtprobe';'Einzelprobe';'Intervallmessungen';03.07.2012;;12:05;;;'freigegeben';'DIN 38412-16 (L16)';
'Elbe';'Elbe (Ost)';'Zollenspieker (Strom-km 598,7)';;598,7;'Chlorophyll-A';140;'µg/l';'quantitativ nachgewiesen';'Wasser - Gesamtprobe';'Einzelprobe';'Intervallmessungen';18.07.2012;;12:30;;;'freigegeben';'DIN 38412-16 (L16)';
'Elbe';'Elbe (Ost)';'Zollenspieker (Strom-km 598,7)';;598,7;'Chlorophyll-A';170;'µg/l';'quantitativ nachgewiesen';'Wasser - Gesamtprobe';'Einzelprobe';'Intervallmessungen';01.08.2012;;11:50;;;'freigegeben';'DIN 38412-16 (L16)';
'Elbe';'Elbe (Ost)';'Zollenspieker (Strom-km 598,7)';;598,7;'Chlorophyll-A';200;'µg/l';'quantitativ nachgewiesen';'Wasser - Gesamtprobe';'Einzelprobe';'Intervallmessungen';22.08.2012;;15:28;;;'freigegeben';'DIN 38412-16 (L16)';
'Elbe';'Elbe (Ost)';'Zollenspieker (Strom-km 598,7)';;598,7;'Chlorophyll-A';210;'µg/l';'quantitativ nachgewiesen';'Wasser - Gesamtprobe';'Einzelprobe';'Intervallmessungen';03.09.2012;;14:00;;;'freigegeben';'DIN 38412-16 (L16)';
'Elbe';'Elbe (Ost)';'Zollenspieker (Strom-km 598,7)';;598,7;'Chlorophyll-A';44;'µg/l';'quantitativ nachgewiesen';'Wasser - Gesamtprobe';'Einzelprobe';'Intervallmessungen';11.10.2012;;08:20;;;'freigegeben';'DIN 38412-16 (L16)';
'Elbe';'Elbe (Ost)';'Zollenspieker (Strom-km 598,7)';;598,7;'Chlorophyll-A';20;'µg/l';'quantitativ nachgewiesen';'Wasser - Gesamtprobe';'Einzelprobe';'Intervallmessungen';25.10.2012;;08:15;;;'freigegeben';'DIN 38412-16 (L16)';
'Elbe';'Elbe (Ost)';'Zollenspieker (Strom-km 598,7)';;598,7;'Chlorophyll-A';6,6;'µg/l';'quantitativ nachgewiesen';'Wasser - Gesamtprobe';'Einzelprobe';'Intervallmessungen';07.11.2012;;16:00;;;'freigegeben';'DIN 38412-16 (L16)';
'Elbe';'Elbe (Ost)';'Zollenspieker (Strom-km 598,7)';;598,7;'Chlorophyll-A';2,1;'µg/l';'quantitativ nachgewiesen';'Wasser - Gesamtprobe';'Einzelprobe';'Intervallmessungen';03.12.2012;;14:50;;;'freigegeben';'DIN 38412-16 (L16)';
'Elbe';'Elbe (Ost)';'Zollenspieker (Strom-km 598,7)';;598,7;'Chlorophyll-A';< 10;'µg/l';'unter Bestimmungsgrenze';'Wasser - Gesamtprobe';'Einzelprobe';'Intervallmessungen';14.01.2013;;12:45;;;'freigegeben';'DIN 38412-16 (L16)';
'Elbe';'Elbe (Ost)';'Zollenspieker (Strom-km 598,7)';;598,7;'Chlorophyll-A';< 10;'µg/l';'unter Bestimmungsgrenze';'Wasser - Gesamtprobe';'Einzelprobe';'Intervallmessungen';11.02.2013;;12:15;;;'freigegeben';'DIN 38412-16 (L16)';
'Elbe';'Elbe (Ost)';'Zollenspieker (Strom-km 598,7)';;598,7;'Chlorophyll-A';< 10;'µg/l';'unter Bestimmungsgrenze';'Wasser - Gesamtprobe';'Einzelprobe';'Intervallmessungen';13.03.2013;;13:25;;;'freigegeben';'DIN 38412-16 (L16)';
'Elbe';'Elbe (Ost)';'Zollenspieker (Strom-km 598,7)';;598,7;'Chlorophyll-A';49;'µg/l';'quantitativ nachgewiesen';'Wasser - Gesamtprobe';'Einzelprobe';'Intervallmessungen';10.04.2013;;12:25;;;'freigegeben';'DIN 38412-16 (L16)';
'Elbe';'Elbe (Ost)';'Zollenspieker (Strom-km 598,7)';;598,7;'Chlorophyll-A';64;'µg/l';'quantitativ nachgewiesen';'Wasser - Gesamtprobe';'Einzelprobe';'Intervallmessungen';24.04.2013;;11:06;;;'freigegeben';'DIN 38412-16 (L16)';
'Elbe';'Elbe (Ost)';'Zollenspieker (Strom-km 598,7)';;598,7;'Chlorophyll-A';119;'µg/l';'quantitativ nachgewiesen';'Wasser - Gesamtprobe';'Einzelprobe';'Intervallmessungen';13.05.2013;;14:15;;;'freigegeben';'DIN 38412-16 (L16)';
'Elbe';'Elbe (Ost)';'Zollenspieker (Strom-km 598,7)';;598,7;'Chlorophyll-A';70;'µg/l';'quantitativ nachgewiesen';'Wasser - Gesamtprobe';'Einzelprobe';'Intervallmessungen';27.05.2013;;13:50;;;'freigegeben';'DIN 38412-16 (L16)';
'Elbe';'Elbe (Ost)';'Zollenspieker (Strom-km 598,7)';;598,7;'Chlorophyll-A';44;'µg/l';'quantitativ nachgewiesen';'Wasser - Gesamtprobe';'Einzelprobe';'Intervallmessungen';10.06.2013;;13:40;;;'freigegeben';'DIN 38412-16 (L16)';
'Elbe';'Elbe (Ost)';'Zollenspieker (Strom-km 598,7)';;598,7;'Chlorophyll-A';< 10;'µg/l';'unter Bestimmungsgrenze';'Wasser - Gesamtprobe';'Einzelprobe';'Intervallmessungen';24.06.2013;;13:07;;;'freigegeben';'DIN 38412-16 (L16)';
'Elbe';'Elbe (Ost)';'Zollenspieker (Strom-km 598,7)';;598,7;'Chlorophyll-A';34,1;'µg/l';'quantitativ nachgewiesen';'Wasser - Gesamtprobe';'Einzelprobe';'Intervallmessungen';08.07.2013;;12:40;;;'freigegeben';'DIN 38412-16 (L16)';
'Elbe';'Elbe (Ost)';'Zollenspieker (Strom-km 598,7)';;598,7;'Chlorophyll-A';132;'µg/l';'quantitativ nachgewiesen';'Wasser - Gesamtprobe';'Einzelprobe';'Intervallmessungen';22.07.2013;;11:00;;;'freigegeben';'DIN 38412-16 (L16)';
'Elbe';'Elbe (Ost)';'Zollenspieker (Strom-km 598,7)';;598,7;'Chlorophyll-A';128;'µg/l';'quantitativ nachgewiesen';'Wasser - Gesamtprobe';'Einzelprobe';'Intervallmessungen';05.08.2013;;11:50;;;'freigegeben';'DIN 38412-16 (L16)';
'Elbe';'Elbe (Ost)';'Zollenspieker (Strom-km 598,7)';;598,7;'Chlorophyll-A';137;'µg/l';'quantitativ nachgewiesen';'Wasser - Gesamtprobe';'Einzelprobe';'Intervallmessungen';21.08.2013;;11:17;;;'freigegeben';'DIN 38412-16 (L16)';
'Elbe';'Elbe (Ost)';'Zollenspieker (Strom-km 598,7)';;598,7;'Chlorophyll-A';142;'µg/l';'quantitativ nachgewiesen';'Wasser - Gesamtprobe';'Einzelprobe';'Intervallmessungen';04.09.2013;;11:50;;;'freigegeben';'DIN 38412-16 (L16)';
'Elbe';'Elbe (Ost)';'Zollenspieker (Strom-km 598,7)';;598,7;'Chlorophyll-A';158;'µg/l';'quantitativ nachgewiesen';'Wasser - Gesamtprobe';'Einzelprobe';'Intervallmessungen';18.09.2013;;11:35;;;'freigegeben';'DIN 38412-16 (L16)';
'Elbe';'Elbe (Ost)';'Zollenspieker (Strom-km 598,7)';;598,7;'Chlorophyll-A';53;'µg/l';'quantitativ nachgewiesen';'Wasser - Gesamtprobe';'Einzelprobe';'Intervallmessungen';07.10.2013;;13:35;;;'freigegeben';'DIN 38412-16 (L16)';
'Elbe';'Elbe (Ost)';'Zollenspieker (Strom-km 598,7)';;598,7;'Chlorophyll-A';29;'µg/l';'quantitativ nachgewiesen';'Wasser - Gesamtprobe';'Einzelprobe';'Intervallmessungen';21.10.2013;;13:30;;;'freigegeben';'DIN 38412-16 (L16)';
'Elbe';'Elbe (Ost)';'Zollenspieker (Strom-km 598,7)';;598,7;'Chlorophyll-A';28;'µg/l';'quantitativ nachgewiesen';'Wasser - Gesamtprobe';'Einzelprobe';'Intervallmessungen';04.11.2013;;12:55;;;'freigegeben';'DIN 38412-16 (L16)';
'Elbe';'Elbe (Ost)';'Zollenspieker (Strom-km 598,7)';;598,7;'Chlorophyll-A';< 10;'µg/l';'unter Bestimmungsgrenze';'Wasser - Gesamtprobe';'Einzelprobe';'Intervallmessungen';04.12.2013;;12:10;;;'freigegeben';'DIN 38412-16 (L16)';
'Elbe';'Elbe (Ost)';'Zollenspieker (Strom-km 598,7)';;598,7;'Chlorophyll-A';14;'µg/l';'quantitativ nachgewiesen';'Wasser - Gesamtprobe';'Einzelprobe';'Intervallmessungen';03.02.2014;;14:18;;;'freigegeben';'DIN 38412-16 (L16)';
'Elbe';'Elbe (Ost)';'Zollenspieker (Strom-km 598,7)';;598,7;'Chlorophyll-A';79;'µg/l';'quantitativ nachgewiesen';'Wasser - Gesamtprobe';'Einzelprobe';'Intervallmessungen';03.03.2014;;13:10;;;'freigegeben';'DIN 38412-16 (L16)';
'Elbe';'Elbe (Ost)';'Zollenspieker (Strom-km 598,7)';;598,7;'Chlorophyll-A';121;'µg/l';'quantitativ nachgewiesen';'Wasser - Gesamtprobe';'Einzelprobe';'Intervallmessungen';31.03.2014;;12:45;;;'freigegeben';'DIN 38412-16 (L16)';
'Elbe';'Elbe (Ost)';'Zollenspieker (Strom-km 598,7)';;598,7;'Chlorophyll-A';139;'µg/l';'quantitativ nachgewiesen';'Wasser - Gesamtprobe';'Einzelprobe';'Intervallmessungen';14.04.2014;;11:45;;;'freigegeben';'DIN 38412-16 (L16)';
'Elbe';'Elbe (Ost)';'Zollenspieker (Strom-km 598,7)';;598,7;'Chlorophyll-A';185;'µg/l';'quantitativ nachgewiesen';'Wasser - Gesamtprobe';'Einzelprobe';'Intervallmessungen';05.05.2014;;16:05;;;'freigegeben';'DIN 38412-16 (L16)';
'Elbe';'Elbe (Ost)';'Zollenspieker (Strom-km 598,7)';;598,7;'Chlorophyll-A';172;'µg/l';'quantitativ nachgewiesen';'Wasser - Gesamtprobe';'Einzelprobe';'Intervallmessungen';03.06.2014;;15:30;;;'freigegeben';'DIN 38412-16 (L16)';
'Elbe';'Elbe (Ost)';'Zollenspieker (Strom-km 598,7)';;598,7;'Chlorophyll-A';148;'µg/l';'quantitativ nachgewiesen';'Wasser - Gesamtprobe';'Einzelprobe';'Intervallmessungen';16.06.2014;;14:40;;;'freigegeben';'DIN 38412-16 (L16)';
'Elbe';'Elbe (Ost)';'Zollenspieker (Strom-km 598,7)';;598,7;'Chlorophyll-A';176;'µg/l';'quantitativ nachgewiesen';'Wasser - Gesamtprobe';'Einzelprobe';'Intervallmessungen';30.06.2014;;14:30;;;'freigegeben';'DIN 38412-16 (L16)';
'Elbe';'Elbe (Ost)';'Zollenspieker (Strom-km 598,7)';;598,7;'Chlorophyll-A';155;'µg/l';'quantitativ nachgewiesen';'Wasser - Gesamtprobe';'Einzelprobe';'Intervallmessungen';15.07.2014;;14:15;;;'freigegeben';'DIN 38412-16 (L16)';
'Elbe';'Elbe (Ost)';'Zollenspieker (Strom-km 598,7)';;598,7;'Chlorophyll-A';114;'µg/l';'quantitativ nachgewiesen';'Wasser - Gesamtprobe';'Einzelprobe';'Intervallmessungen';04.08.2014;;17:35;;;'freigegeben';'DIN 38412-16 (L16)';
'Elbe';'Elbe (Ost)';'Zollenspieker (Strom-km 598,7)';;598,7;'Chlorophyll-A';69;'µg/l';'quantitativ nachgewiesen';'Wasser - Gesamtprobe';'Einzelprobe';'Intervallmessungen';01.09.2014;;16:15;;;'freigegeben';'DIN 38412-16 (L16)';
'Elbe';'Elbe (Ost)';'Zollenspieker (Strom-km 598,7)';;598,7;'Chlorophyll-A';40;'µg/l';'quantitativ nachgewiesen';'Wasser - Gesamtprobe';'Einzelprobe';'Intervallmessungen';15.09.2014;;16:50;;;'freigegeben';'DIN 38412-16 (L16)';
'Elbe';'Elbe (Ost)';'Zollenspieker (Strom-km 598,7)';;598,7;'Chlorophyll-A';12;'µg/l';'quantitativ nachgewiesen';'Wasser - Gesamtprobe';'Einzelprobe';'Intervallmessungen';29.09.2014;;15:20;;;'freigegeben';'DIN 38412-16 (L16)';
'Elbe';'Elbe (Ost)';'Zollenspieker (Strom-km 598,7)';;598,7;'Chlorophyll-A';< 5,0;'µg/l';'unter Bestimmungsgrenze';'Wasser - Gesamtprobe';'Einzelprobe';'Intervallmessungen';10.11.2014;;13:35;;;'freigegeben';'DIN 38412-16 (L16)';
'Elbe';'Elbe (Ost)';'Zollenspieker (Strom-km 598,7)';;598,7;'Chlorophyll-A';< 5,0;'µg/l';'unter Bestimmungsgrenze';'Wasser - Gesamtprobe';'Einzelprobe';'Intervallmessungen';04.12.2014;;10:05;;;'freigegeben';'DIN 38412-16 (L16)';
'Elbe';'Elbe (Ost)';'Zollenspieker (Strom-km 598,7)';;598,7;'Chlorophyll-A';< 5,0;'µg/l';'unter Bestimmungsgrenze';'Wasser - Gesamtprobe';'Einzelprobe';'Intervallmessungen';07.01.2015;;13:18;;;'freigegeben';'DIN 38412-16 (L16)';
'Elbe';'Elbe (Ost)';'Zollenspieker (Strom-km 598,7)';;598,7;'Chlorophyll-A';< 5,0;'µg/l';'unter Bestimmungsgrenze';'Wasser - Gesamtprobe';'Einzelprobe';'Intervallmessungen';04.02.2015;;12:20;;;'freigegeben';'DIN 38412-16 (L16)';
'Elbe';'Elbe (Ost)';'Zollenspieker (Strom-km 598,7)';;598,7;'Chlorophyll-A';17;'µg/l';'quantitativ nachgewiesen';'Wasser - Gesamtprobe';'Einzelprobe';'Intervallmessungen';09.03.2015;;14:00;;;'freigegeben';'DIN 38412-16 (L16)';
'Elbe';'Elbe (Ost)';'Zollenspieker (Strom-km 598,7)';;598,7;'Chlorophyll-A';84;'µg/l';'quantitativ nachgewiesen';'Wasser - Gesamtprobe';'Einzelprobe';'Intervallmessungen';20.04.2015;;13:30;;;'freigegeben';'DIN 38412-16 (L16)';
'Elbe';'Elbe (Ost)';'Zollenspieker (Strom-km 598,7)';;598,7;'Chlorophyll-A';118;'µg/l';'quantitativ nachgewiesen';'Wasser - Gesamtprobe';'Einzelprobe';'Intervallmessungen';04.05.2015;;12:55;;;'freigegeben';'DIN 38412-16 (L16)';
'Elbe';'Elbe (Ost)';'Zollenspieker (Strom-km 598,7)';;598,7;'Chlorophyll-A';192;'µg/l';'quantitativ nachgewiesen';'Wasser - Gesamtprobe';'Einzelprobe';'Intervallmessungen';01.06.2015;;11:50;;;'freigegeben';'DIN 38412-16 (L16)';
'Elbe';'Elbe (Ost)';'Zollenspieker (Strom-km 598,7)';;598,7;'Chlorophyll-A';52;'µg/l';'quantitativ nachgewiesen';'Wasser - Gesamtprobe';'Einzelprobe';'Intervallmessungen';07.07.2015;;16:20;;;'freigegeben';'DIN 38412-16 (L16)';
'Elbe';'Elbe (Ost)';'Zollenspieker (Strom-km 598,7)';;598,7;'Chlorophyll-A';121;'µg/l';'quantitativ nachgewiesen';'Wasser - Gesamtprobe';'Einzelprobe';'Intervallmessungen';03.08.2015;;14:30;;;'freigegeben';'DIN 38412-16 (L16)';
'Elbe';'Elbe (Ost)';'Zollenspieker (Strom-km 598,7)';;598,7;'Chlorophyll-A';120;'µg/l';'quantitativ nachgewiesen';'Wasser - Gesamtprobe';'Einzelprobe';'Intervallmessungen';31.08.2015;;14:15;;;'freigegeben';'DIN 38412-16 (L16)';
'Elbe';'Elbe (Ost)';'Zollenspieker (Strom-km 598,7)';;598,7;'Chlorophyll-A';54;'µg/l';'quantitativ nachgewiesen';'Wasser - Gesamtprobe';'Einzelprobe';'Intervallmessungen';05.10.2015;;;;;'freigegeben';'DIN 38412-16 (L16)';
'Elbe';'Elbe (Ost)';'Zollenspieker (Strom-km 598,7)';;598,7;'Chlorophyll-A';6;'µg/l';'quantitativ nachgewiesen';'Wasser - Gesamtprobe';'Einzelprobe';'Intervallmessungen';02.11.2015;;15:00;;;'freigegeben';'DIN 38412-16 (L16)';
'Elbe';'Elbe (Ost)';'Zollenspieker (Strom-km 598,7)';;598,7;'Chlorophyll-A';3;'µg/l';'quantitativ nachgewiesen';'Wasser - Gesamtprobe';'Einzelprobe';'Intervallmessungen';02.12.2015;;16:00;;;'freigegeben';'DIN 38412-16 (L16)';
'Elbe';'Elbe (Ost)';'Zollenspieker (Strom-km 598,7)';;598,7;'Chlorophyll-A';3;'µg/l';'quantitativ nachgewiesen';'Wasser - Gesamtprobe';'Einzelprobe';'Intervallmessungen';11.01.2016;;12:55;;;'freigegeben';'DIN 38412-16 (L16)';
'Elbe';'Elbe (Ost)';'Zollenspieker (Strom-km 598,7)';;598,7;'Chlorophyll-A';19;'µg/l';'quantitativ nachgewiesen';'Wasser - Gesamtprobe';'Einzelprobe';'Intervallmessungen';01.02.2016;;16:20;;;'freigegeben';'DIN 38412-16 (L16)';
'Elbe';'Elbe (Ost)';'Zollenspieker (Strom-km 598,7)';;598,7;'Chlorophyll-A';16;'µg/l';'quantitativ nachgewiesen';'Wasser - Gesamtprobe';'Einzelprobe';'Intervallmessungen';29.02.2016;;15:45;;;'freigegeben';'DIN 38412-16 (L16)';
'Elbe';'Elbe (Ost)';'Zollenspieker (Strom-km 598,7)';;598,7;'Chlorophyll-A';108;'µg/l';'quantitativ nachgewiesen';'Wasser - Gesamtprobe';'Einzelprobe';'Intervallmessungen';11.04.2016;;15:40;;;'freigegeben';'DIN 38412-16 (L16)';
'Elbe';'Elbe (Ost)';'Zollenspieker (Strom-km 598,7)';;598,7;'Chlorophyll-A';160;'µg/l';'quantitativ nachgewiesen';'Wasser - Gesamtprobe';'Einzelprobe';'Intervallmessungen';09.05.2016;;14:45;;;'freigegeben';'DIN 38412-16 (L16)';
'Elbe';'Elbe (Ost)';'Zollenspieker (Strom-km 598,7)';;598,7;'Chlorophyll-A';216;'µg/l';'quantitativ nachgewiesen';'Wasser - Gesamtprobe';'Einzelprobe';'Intervallmessungen';06.06.2016;;13:20;;;'freigegeben';'DIN 38412-16 (L16)';
'Elbe';'Elbe (Ost)';'Zollenspieker (Strom-km 598,7)';;598,7;'Chlorophyll-A';150;'µg/l';'quantitativ nachgewiesen';'Wasser - Gesamtprobe';'Einzelprobe';'Intervallmessungen';11.07.2016;;17:06;;;'freigegeben';'DIN 38412-16 (L16)';
'Elbe';'Elbe (Ost)';'Zollenspieker (Strom-km 598,7)';;598,7;'Chlorophyll-A';80;'µg/l';'quantitativ nachgewiesen';'Wasser - Gesamtprobe';'Einzelprobe';'Intervallmessungen';08.08.2016;;16:00;;;'freigegeben';'DIN 38412-16 (L16)';
'Elbe';'Elbe (Ost)';'Zollenspieker (Strom-km 598,7)';;598,7;'Chlorophyll-A';102;'µg/l';'quantitativ nachgewiesen';'Wasser - Gesamtprobe';'Einzelprobe';'Intervallmessungen';05.09.2016;;15:05;;;'freigegeben';'DIN 38412-16 (L16)';
'Elbe';'Elbe (Ost)';'Zollenspieker (Strom-km 598,7)';;598,7;'Chlorophyll-A';27;'µg/l';'quantitativ nachgewiesen';'Wasser - Gesamtprobe';'Einzelprobe';'Intervallmessungen';04.10.2016;;14:50;;;'freigegeben';'DIN 38412-16 (L16)';
'Elbe';'Elbe (Ost)';'Zollenspieker (Strom-km 598,7)';;598,7;'Chlorophyll-A';4;'µg/l';'quantitativ nachgewiesen';'Wasser - Gesamtprobe';'Einzelprobe';'Intervallmessungen';07.11.2016;;16:00;;;'freigegeben';'DIN 38412-16 (L16)';
'Elbe';'Elbe (Ost)';'Zollenspieker (Strom-km 598,7)';;598,7;'Chlorophyll-A';4;'µg/l';'quantitativ nachgewiesen';'Wasser - Gesamtprobe';'Einzelprobe';'Intervallmessungen';05.12.2016;;15:20;;;'freigegeben';'DIN 38412-16 (L16)';
'Elbe';'Elbe (Ost)';'Zollenspieker (Strom-km 598,7)';;598,7;'Chlorophyll-A';3;'µg/l';'quantitativ nachgewiesen';'Wasser - Gesamtprobe';'Einzelprobe';'Intervallmessungen';04.01.2017;;15:25;;;'freigegeben';'DIN 38412-16 (L16)';
'Elbe';'Elbe (Ost)';'Zollenspieker (Strom-km 598,7)';;598,7;'Chlorophyll-A';6;'µg/l';'quantitativ nachgewiesen';'Wasser - Gesamtprobe';'Einzelprobe';'Intervallmessungen';30.01.2017;;13:26;;;'freigegeben';'DIN 38412-16 (L16)';
'Elbe';'Elbe (Ost)';'Zollenspieker (Strom-km 598,7)';;598,7;'Chlorophyll-A';12;'µg/l';'quantitativ nachgewiesen';'Wasser - Gesamtprobe';'Einzelprobe';'Intervallmessungen';06.03.2017;;17:10;;;'freigegeben';'DIN 38412-16 (L16)';
'Elbe';'Elbe (Ost)';'Zollenspieker (Strom-km 598,7)';;598,7;'Chlorophyll-A';79;'µg/l';'quantitativ nachgewiesen';'Wasser - Gesamtprobe';'Einzelprobe';'Intervallmessungen';10.04.2017;;12:15;;;'freigegeben';'DIN 38412-16 (L16)';
'Elbe';'Elbe (Ost)';'Zollenspieker (Strom-km 598,7)';;598,7;'Chlorophyll-A';170;'µg/l';'quantitativ nachgewiesen';'Wasser - Gesamtprobe';'Einzelprobe';'Intervallmessungen';02.05.2017;;16:50;;;'freigegeben';'DIN 38412-16 (L16)';
'Elbe';'Elbe (Ost)';'Zollenspieker (Strom-km 598,7)';;598,7;'Chlorophyll-A';227;'µg/l';'quantitativ nachgewiesen';'Wasser - Gesamtprobe';'Einzelprobe';'Intervallmessungen';29.05.2017;;15:00;;;'freigegeben';'DIN 38412-16 (L16)';
'Elbe';'Elbe (Ost)';'Zollenspieker (Strom-km 598,7)';;598,7;'Chlorophyll-A';76;'µg/l';'quantitativ nachgewiesen';'Wasser - Gesamtprobe';'Einzelprobe';'Intervallmessungen';07.08.2017;;13:02;;;'freigegeben';'DIN 38412-16 (L16)';
'Elbe';'Elbe (Ost)';'Zollenspieker (Strom-km 598,7)';;598,7;'Chlorophyll-A';74;'µg/l';'quantitativ nachgewiesen';'Wasser - Gesamtprobe';'Einzelprobe';'Intervallmessungen';04.09.2017;;12:06;;;'freigegeben';'DIN 38412-16 (L16)';
'Elbe';'Elbe (Ost)';'Zollenspieker (Strom-km 598,7)';;598,7;'Chlorophyll-A';24;'µg/l';'quantitativ nachgewiesen';'Wasser - Gesamtprobe';'Einzelprobe';'Intervallmessungen';04.10.2017;;11:35;;;'freigegeben';'DIN 38412-16 (L16)';
'Elbe';'Elbe (Ost)';'Zollenspieker (Strom-km 598,7)';;598,7;'Chlorophyll-A';6;'µg/l';'quantitativ nachgewiesen';'Wasser - Gesamtprobe';'Einzelprobe';'Intervallmessungen';06.11.2017;;13:20;;;'freigegeben';'DIN 38412-16 (L16)';
'Elbe';'Elbe (Ost)';'Zollenspieker (Strom-km 598,7)';;598,7;'Chlorophyll-A';1;'µg/l';'quantitativ nachgewiesen';'Wasser - Gesamtprobe';'Einzelprobe';'Intervallmessungen';04.12.2017;;11:45;;;'freigegeben';'DIN 38412-16 (L16)';
'Elbe';'Elbe (Ost)';'Zollenspieker (Strom-km 598,7)';;598,7;'Chlorophyll-A';4;'µg/l';'quantitativ nachgewiesen';'Wasser - Gesamtprobe';'Einzelprobe';'Intervallmessungen';08.01.2018;;16:18;;;'freigegeben';'DIN 38412-16 (L16)';
'Elbe';'Elbe (Ost)';'Zollenspieker (Strom-km 598,7)';;598,7;'Chlorophyll-A';5;'µg/l';'quantitativ nachgewiesen';'Wasser - Gesamtprobe';'Einzelprobe';'Intervallmessungen';05.02.2018;;15:00;;;'freigegeben';'DIN 38412-16 (L16)';
'Elbe';'Elbe (Ost)';'Zollenspieker (Strom-km 598,7)';;598,7;'Chlorophyll-A';40;'µg/l';'quantitativ nachgewiesen';'Wasser - Gesamtprobe';'Einzelprobe';'Intervallmessungen';05.03.2018;;14:10;;;'freigegeben';'DIN 38412-16 (L16)';
'Elbe';'Elbe (Ost)';'Zollenspieker (Strom-km 598,7)';;598,7;'Chlorophyll-A';56;'µg/l';'quantitativ nachgewiesen';'Wasser - Gesamtprobe';'Einzelprobe';'Intervallmessungen';03.04.2018;;14:45;;;'freigegeben';'DIN 38412-16 (L16)';
'Elbe';'Elbe (Ost)';'Zollenspieker (Strom-km 598,7)';;598,7;'Chlorophyll-A';130;'µg/l';'quantitativ nachgewiesen';'Wasser - Gesamtprobe';'Einzelprobe';'Intervallmessungen';02.05.2018;;14:25;;;'freigegeben';'DIN 38412-16 (L16)';
'Elbe';'Elbe (Ost)';'Zollenspieker (Strom-km 598,7)';;598,7;'Chlorophyll-A';36;'µg/l';'quantitativ nachgewiesen';'Wasser - Gesamtprobe';'Einzelprobe';'Intervallmessungen';04.06.2018;;16:00;;;'freigegeben';'DIN 38412-16 (L16)';
'Elbe';'Elbe (Ost)';'Zollenspieker (Strom-km 598,7)';;598,7;'Chlorophyll-A';200;'µg/l';'quantitativ nachgewiesen';'Wasser - Gesamtprobe';'Einzelprobe';'Intervallmessungen';02.07.2018;;15:11;;;'freigegeben';'DIN 38412-16 (L16)';
'Elbe';'Elbe (Ost)';'Zollenspieker (Strom-km 598,7)';;598,7;'Chlorophyll-A';49;'µg/l';'quantitativ nachgewiesen';'Wasser - Gesamtprobe';'Einzelprobe';'Intervallmessungen';30.07.2018;;13:45;;;'freigegeben';'DIN 38412-16 (L16)';
'Elbe';'Elbe (Ost)';'Zollenspieker (Strom-km 598,7)';;598,7;'Chlorophyll-A';153;'µg/l';'quantitativ nachgewiesen';'Wasser - Gesamtprobe';'Einzelprobe';'Intervallmessungen';03.09.2018;;17:23;;;'freigegeben';'DIN 38412-16 (L16)';
'Elbe';'Elbe (Ost)';'Zollenspieker (Strom-km 598,7)';;598,7;'Chlorophyll-A';62;'µg/l';'quantitativ nachgewiesen';'Wasser - Gesamtprobe';'Einzelprobe';'Intervallmessungen';08.10.2018;;12:20;;;'freigegeben';'DIN 38412-16 (L16)';
'Elbe';'Elbe (Ost)';'Zollenspieker (Strom-km 598,7)';;598,7;'Chlorophyll-A';12;'µg/l';'quantitativ nachgewiesen';'Wasser - Gesamtprobe';'Einzelprobe';'Intervallmessungen';12.11.2018;;14:40;;;'freigegeben';'DIN 38412-16 (L16)';
'Elbe';'Elbe (Ost)';'Zollenspieker (Strom-km 598,7)';;598,7;'Chlorophyll-A';8;'µg/l';'quantitativ nachgewiesen';'Wasser - Gesamtprobe';'Einzelprobe';'Intervallmessungen';10.12.2018;;13:05;;;'freigegeben';'DIN 38412-16 (L16)';
'Elbe';'Elbe (Ost)';'Zollenspieker (Strom-km 598,7)';;598,7;'Chlorophyll-A';10;'µg/l';'quantitativ nachgewiesen';'Wasser - Gesamtprobe';'Einzelprobe';'Intervallmessungen';07.01.2019;;13:10;;;'freigegeben';'DIN 38412-16 (L16)';
'Elbe';'Elbe (Ost)';'Zollenspieker (Strom-km 598,7)';;598,7;'Chlorophyll-A';16;'µg/l';'quantitativ nachgewiesen';'Wasser - Gesamtprobe';'Einzelprobe';'Intervallmessungen';11.02.2019;;15:30;;;'freigegeben';'DIN 38412-16 (L16)';
'Elbe';'Elbe (Ost)';'Zollenspieker (Strom-km 598,7)';;598,7;'Chlorophyll-A';39;'µg/l';'quantitativ nachgewiesen';'Wasser - Gesamtprobe';'Einzelprobe';'Intervallmessungen';11.03.2019;;14:35;;;'freigegeben';'DIN 38412-16 (L16)';
'Elbe';'Elbe (Ost)';'Zollenspieker (Strom-km 598,7)';;598,7;'Chlorophyll-A';99;'µg/l';'quantitativ nachgewiesen';'Wasser - Gesamtprobe';'Einzelprobe';'Intervallmessungen';08.04.2019;;15:00;;;'freigegeben';'DIN 38412-16 (L16)';
'Elbe';'Elbe (Ost)';'Zollenspieker (Strom-km 598,7)';;598,7;'Chlorophyll-A';174;'µg/l';'quantitativ nachgewiesen';'Wasser - Gesamtprobe';'Einzelprobe';'Intervallmessungen';06.05.2019;;13:35;;;'freigegeben';'DIN 38412-16 (L16)';
'Elbe';'Elbe (Ost)';'Zollenspieker (Strom-km 598,7)';;598,7;'Chlorophyll-A';175;'µg/l';'quantitativ nachgewiesen';'Wasser - Gesamtprobe';'Einzelprobe';'Intervallmessungen';03.06.2019;;12:46;;;'freigegeben';'DIN 38412-16 (L16)';
'Elbe';'Elbe (Ost)';'Zollenspieker (Strom-km 598,7)';;598,7;'Chlorophyll-A';43;'µg/l';'quantitativ nachgewiesen';'Wasser - Gesamtprobe';'Einzelprobe';'Intervallmessungen';02.07.2019;;12:15;;;'freigegeben';'DIN 38412-16 (L16)';
'Elbe';'Elbe (Ost)';'Zollenspieker (Strom-km 598,7)';;598,7;'Chlorophyll-A';210;'µg/l';'quantitativ nachgewiesen';'Wasser - Gesamtprobe';'Einzelprobe';'Intervallmessungen';05.08.2019;;15:55;;;'freigegeben';'DIN 38412-16 (L16)';
'Elbe';'Elbe (Ost)';'Zollenspieker (Strom-km 598,7)';;598,7;'Chlorophyll-A';74;'µg/l';'quantitativ nachgewiesen';'Wasser - Gesamtprobe';'Einzelprobe';'Intervallmessungen';02.09.2019;;15:05;;;'freigegeben';'DIN 38412-16 (L16)';
'Elbe';'Elbe (Ost)';'Zollenspieker (Strom-km 598,7)';;598,7;'Chlorophyll-A';33;'µg/l';'quantitativ nachgewiesen';'Wasser - Gesamtprobe';'Einzelprobe';'Intervallmessungen';30.09.2019;;14:04;;;'freigegeben';'DIN 38412-16 (L16)';
'Elbe';'Elbe (Ost)';'Zollenspieker (Strom-km 598,7)';;598,7;'Chlorophyll-A';9;'µg/l';'quantitativ nachgewiesen';'Wasser - Gesamtprobe';'Einzelprobe';'Intervallmessungen';04.11.2019;;17:30;;;'freigegeben';'DIN 38412-16 (L16)';
'Elbe';'Elbe (Ost)';'Zollenspieker (Strom-km 598,7)';;598,7;'Chlorophyll-A';5;'µg/l';'quantitativ nachgewiesen';'Wasser - Gesamtprobe';'Einzelprobe';'Intervallmessungen';02.12.2019;;15:10;;;'freigegeben';'DIN 38412-16 (L16)';
'Elbe';'Elbe (Ost)';'Zollenspieker (Strom-km 598,7)';;598,7;'Chlorophyll-A';9;'µg/l';'quantitativ nachgewiesen';'Wasser - Gesamtprobe';'Einzelprobe';'Intervallmessungen';14.01.2020;;14:55;;;'freigegeben';'DIN 38412-16 (L16)';
'Elbe';'Elbe (Ost)';'Zollenspieker (Strom-km 598,7)';;598,7;'Chlorophyll-A';32;'µg/l';'quantitativ nachgewiesen';'Wasser - Gesamtprobe';'Einzelprobe';'Intervallmessungen';11.02.2020;;13:20;;;'freigegeben';'DIN 38412-16 (L16)';
'Elbe';'Elbe (Ost)';'Zollenspieker (Strom-km 598,7)';;598,7;'Chlorophyll-A';29;'µg/l';'quantitativ nachgewiesen';'Wasser - Gesamtprobe';'Einzelprobe';'Intervallmessungen';03.03.2020;;16:55;;;'freigegeben';'DIN 38412-16 (L16)';
'Elbe';'Elbe (Ost)';'Zollenspieker (Strom-km 598,7)';;598,7;'Chlorophyll-A';183;'µg/l';'quantitativ nachgewiesen';'Wasser - Gesamtprobe';'Einzelprobe';'Intervallmessungen';07.04.2020;;13:00;;;'freigegeben';'DIN 38412-16 (L16)';
'Elbe';'Elbe (Ost)';'Zollenspieker (Strom-km 598,7)';;598,7;'Chlorophyll-A';173;'µg/l';'quantitativ nachgewiesen';'Wasser - Gesamtprobe';'Einzelprobe';'Intervallmessungen';11.05.2020;;15:45;;;'freigegeben';'DIN 38412-16 (L16)';
'Elbe';'Elbe (Ost)';'Zollenspieker (Strom-km 598,7)';;598,7;'Chlorophyll-A';149;'µg/l';'quantitativ nachgewiesen';'Wasser - Gesamtprobe';'Einzelprobe';'Intervallmessungen';08.06.2020;;14:30;;;'freigegeben';'DIN 38412-16 (L16)';
'Elbe';'Elbe (Ost)';'Zollenspieker (Strom-km 598,7)';;598,7;'Chlorophyll-A';80;'µg/l';'quantitativ nachgewiesen';'Wasser - Gesamtprobe';'Einzelprobe';'Intervallmessungen';07.07.2020;;14:10;;;'freigegeben';'DIN 38412-16 (L16)';
'Elbe';'Elbe (Ost)';'Zollenspieker (Strom-km 598,7)';;598,7;'Chlorophyll-A';105;'µg/l';'quantitativ nachgewiesen';'Wasser - Gesamtprobe';'Einzelprobe';'Intervallmessungen';04.08.2020;;13:20;;;'freigegeben';'DIN 38412-16 (L16)';
'Elbe';'Elbe (Ost)';'Zollenspieker (Strom-km 598,7)';;598,7;'Chlorophyll-A';84;'µg/l';'quantitativ nachgewiesen';'Wasser - Gesamtprobe';'Einzelprobe';'Intervallmessungen';01.09.2020;;12:10;;;'freigegeben';'DIN 38412-16 (L16)';
'Elbe';'Elbe (Ost)';'Zollenspieker (Strom-km 598,7)';;598,7;'Chlorophyll-A';20;'µg/l';'quantitativ nachgewiesen';'Wasser - Gesamtprobe';'Einzelprobe';'Intervallmessungen';06.10.2020;;15:15;;;'freigegeben';'DIN 38412-16 (L16)';
'Elbe';'Elbe (Ost)';'Zollenspieker (Strom-km 598,7)';;598,7;'Chlorophyll-A';7;'µg/l';'quantitativ nachgewiesen';'Wasser - Gesamtprobe';'Einzelprobe';'Intervallmessungen';02.11.2020;;12:56;;;'freigegeben';'DIN 38412-16 (L16)';
'Elbe';'Elbe (Ost)';'Zollenspieker (Strom-km 598,7)';;598,7;'Chlorophyll-A';3;'µg/l';'quantitativ nachgewiesen';'Wasser - Gesamtprobe';'Einzelprobe';'Intervallmessungen';01.12.2020;;12:45;;;'freigegeben';'DIN 38412-16 (L16)';
'Elbe';'Elbe (Ost)';'Zollenspieker (Strom-km 598,7)';;598,7;'Chlorophyll-A';2;'µg/l';'quantitativ nachgewiesen';'Wasser - Gesamtprobe';'Einzelprobe';'Intervallmessungen';04.01.2021;;15:00;;;'freigegeben';'keine Angabe';
'Elbe';'Elbe (Ost)';'Zollenspieker (Strom-km 598,7)';;598,7;'Chlorophyll-A';8;'µg/l';'quantitativ nachgewiesen';'Wasser - Gesamtprobe';'Einzelprobe';'Intervallmessungen';01.03.2021;;14:15;;;'freigegeben';'keine Angabe';
'Elbe';'Elbe (Ost)';'Zollenspieker (Strom-km 598,7)';;598,7;'Chlorophyll-A';104;'µg/l';'quantitativ nachgewiesen';'Wasser - Gesamtprobe';'Einzelprobe';'Intervallmessungen';29.03.2021;;13:50;;;'freigegeben';'keine Angabe';
'Elbe';'Elbe (Ost)';'Zollenspieker (Strom-km 598,7)';;598,7;'Chlorophyll-A';118;'µg/l';'quantitativ nachgewiesen';'Wasser - Gesamtprobe';'Einzelprobe';'Intervallmessungen';03.05.2021;;17:30;;;'freigegeben';'keine Angabe';
'Elbe';'Elbe (Ost)';'Zollenspieker (Strom-km 598,7)';;598,7;'Chlorophyll-A';153;'µg/l';'quantitativ nachgewiesen';'Wasser - Gesamtprobe';'Einzelprobe';'Intervallmessungen';31.05.2021;;16:00;;;'freigegeben';'keine Angabe';
'Elbe';'Elbe (Ost)';'Zollenspieker (Strom-km 598,7)';;598,7;'Chlorophyll-A';144;'µg/l';'quantitativ nachgewiesen';'Wasser - Gesamtprobe';'Einzelprobe';'Intervallmessungen';29.06.2021;;15:55;;;'freigegeben';'keine Angabe';
'Elbe';'Elbe (Ost)';'Zollenspieker (Strom-km 598,7)';;598,7;'Chlorophyll-A';161;'µg/l';'quantitativ nachgewiesen';'Wasser - Gesamtprobe';'Einzelprobe';'Intervallmessungen';09.08.2021;;11:30;;;'freigegeben';'keine Angabe';
'Elbe';'Elbe (Ost)';'Zollenspieker (Strom-km 598,7)';;598,7;'Chlorophyll-A';50;'µg/l';'quantitativ nachgewiesen';'Wasser - Gesamtprobe';'Einzelprobe';'Intervallmessungen';06.09.2021;;10:59;;;'freigegeben';'keine Angabe';
'Elbe';'Elbe (Ost)';'Zollenspieker (Strom-km 598,7)';;598,7;'Chlorophyll-A';18;'µg/l';'quantitativ nachgewiesen';'Wasser - Gesamtprobe';'Einzelprobe';'Intervallmessungen';04.10.2021;;11:08;;;'freigegeben';'keine Angabe';
'Elbe';'Elbe (Ost)';'Zollenspieker (Strom-km 598,7)';;598,7;'Chlorophyll-A';11;'µg/l';'quantitativ nachgewiesen';'Wasser - Gesamtprobe';'Einzelprobe';'Intervallmessungen';03.11.2021;;10:50;;;'freigegeben';'keine Angabe';
'Elbe';'Elbe (Ost)';'Zollenspieker (Strom-km 598,7)';;598,7;'Chlorophyll-A';3;'µg/l';'quantitativ nachgewiesen';'Wasser - Gesamtprobe';'Einzelprobe';'Intervallmessungen';06.12.2021;;15:30;;;'freigegeben';'keine Angabe';
'Elbe';'Elbe (Ost)';'Zollenspieker (Strom-km 598,7)';;598,7;'Chlorophyll-A';7;'µg/l';'quantitativ nachgewiesen';'Wasser - Gesamtprobe';'Einzelprobe';'Intervallmessungen';05.01.2022;;13:55;;;'freigegeben';'keine Angabe';
'Elbe';'Elbe (Ost)';'Zollenspieker (Strom-km 598,7)';;598,7;'Chlorophyll-A';5;'µg/l';'quantitativ nachgewiesen';'Wasser - Gesamtprobe';'Einzelprobe';'Intervallmessungen';07.02.2022;;16:31;;;'freigegeben';'keine Angabe';
'Elbe';'Elbe (Ost)';'Zollenspieker (Strom-km 598,7)';;598,7;'Chlorophyll-A';16;'µg/l';'quantitativ nachgewiesen';'Wasser - Gesamtprobe';'Einzelprobe';'Intervallmessungen';09.03.2022;;15:33;;;'freigegeben';'keine Angabe';
'Elbe';'Elbe (Ost)';'Zollenspieker (Strom-km 598,7)';;598,7;'Chlorophyll-A';138;'µg/l';'quantitativ nachgewiesen';'Wasser - Gesamtprobe';'Einzelprobe';'Intervallmessungen';04.04.2022;;16:10;;;'freigegeben';'keine Angabe';
'Elbe';'Elbe (Ost)';'Zollenspieker (Strom-km 598,7)';;598,7;'Chlorophyll-A';153;'µg/l';'quantitativ nachgewiesen';'Wasser - Gesamtprobe';'Einzelprobe';'Intervallmessungen';02.05.2022;;13:50;;;'freigegeben';'keine Angabe';
'Elbe';'Elbe (Ost)';'Zollenspieker (Strom-km 598,7)';;598,7;'Chlorophyll-A';273;'µg/l';'quantitativ nachgewiesen';'Wasser - Gesamtprobe';'Einzelprobe';'Intervallmessungen';01.06.2022;;13:52;;;'freigegeben';'keine Angabe';
'Elbe';'Elbe (Ost)';'Zollenspieker (Strom-km 598,7)';;598,7;'Chlorophyll-A';144;'µg/l';'quantitativ nachgewiesen';'Wasser - Gesamtprobe';'Einzelprobe';'Intervallmessungen';04.07.2022;;16:08;;;'freigegeben';'keine Angabe';
'Elbe';'Elbe (Ost)';'Zollenspieker (Strom-km 598,7)';;598,7;'Chlorophyll-A';141;'µg/l';'quantitativ nachgewiesen';'Wasser - Gesamtprobe';'Einzelprobe';'Intervallmessungen';01.08.2022;;14:53;;;'freigegeben';'keine Angabe';
'Elbe';'Elbe (Ost)';'Zollenspieker (Strom-km 598,7)';;598,7;'Chlorophyll-A';125;'µg/l';'quantitativ nachgewiesen';'Wasser - Gesamtprobe';'Einzelprobe';'Intervallmessungen';29.08.2022;;14:05;;;'freigegeben';'keine Angabe';
'Elbe';'Elbe (Ost)';'Zollenspieker (Strom-km 598,7)';;598,7;'Chlorophyll-A';61;'µg/l';'quantitativ nachgewiesen';'Wasser - Gesamtprobe';'Einzelprobe';'Intervallmessungen';10.10.2022;;13:20;;;'freigegeben';'keine Angabe';
'Elbe';'Elbe (Ost)';'Zollenspieker (Strom-km 598,7)';;598,7;'Chlorophyll-A';6;'µg/l';'quantitativ nachgewiesen';'Wasser - Gesamtprobe';'Einzelprobe';'Intervallmessungen';09.11.2022;;12:26;;;'freigegeben';'keine Angabe';
'Elbe';'Elbe (Ost)';'Zollenspieker (Strom-km 598,7)';;598,7;'Chlorophyll-A';3;'µg/l';'quantitativ nachgewiesen';'Wasser - Gesamtprobe';'Einzelprobe';'Intervallmessungen';28.11.2022;;14:25;;;'freigegeben';'keine Angabe';
